segment_name,confidence_assessment,left_hand_variability,right_hand_variability,avg_hand_movement_amplitude,valid_frames_analyzed,total_frames,coverage_%
8Dv2Hdf5TRg_seg000,4.0,0.00914,0.01406,0.37095,366.0,733.0,49.9
8Dv2Hdf5TRg_seg001,4.0,0.02253,0.02035,0.26223,414.0,754.0,54.9
8Dv2Hdf5TRg_seg002,3.0,0.01383,0.01323,0.26249,458.0,771.0,59.4
8Dv2Hdf5TRg_seg003,3.0,0.01914,0.01813,0.30258,666.0,755.0,88.2
8Dv2Hdf5TRg_seg004,3.0,0.01209,0.01251,0.32375,583.0,723.0,80.6
8Dv2Hdf5TRg_seg005,3.0,0.02087,0.01507,0.18426,303.0,731.0,41.5
8Dv2Hdf5TRg_seg006,4.0,0.02098,0.02295,0.22778,707.0,738.0,95.8
8Dv2Hdf5TRg_seg007,4.0,0.00235,0.00242,0.14974,79.0,735.0,10.7
8Dv2Hdf5TRg_seg008,4.0,0.00972,0.00668,0.25114,300.0,727.0,41.3
8Dv2Hdf5TRg_seg009,4.0,0.00676,0.00679,0.2579,272.0,792.0,34.3
8Dv2Hdf5TRg_seg010,4.0,0.00387,0.0053,0.42575,4.0,767.0,0.5
8Dv2Hdf5TRg_seg011,3.0,0.0126,0.01408,0.34772,657.0,748.0,87.8
8Dv2Hdf5TRg_seg012,2.0,0.02841,0.02756,0.18867,201.0,733.0,27.4
8Dv2Hdf5TRg_seg013,3.0,0.01637,0.01157,0.16533,269.0,768.0,35.0
8Dv2Hdf5TRg_seg014,3.0,0.0214,0.02368,0.21835,629.0,750.0,83.9
8Dv2Hdf5TRg_seg015,3.0,0.04468,0.02734,0.20902,144.0,759.0,19.0
8Dv2Hdf5TRg_seg016,2.0,0.04818,0.01959,0.23878,243.0,727.0,33.4
8Dv2Hdf5TRg_seg017,3.0,0.01384,0.01949,0.26575,353.0,720.0,49.0
8Dv2Hdf5TRg_seg018,4.0,0.0,0.0,0.0,0.0,0.0,0.0
8Dv2Hdf5TRg_seg019,3.0,0.01446,0.01033,0.28131,97.0,733.0,13.2
8Dv2Hdf5TRg_seg020,4.0,0.01579,0.01086,0.1899,296.0,729.0,40.6
8XQ1onjXJK0_seg000,4.0,0.01147,0.01055,0.22833,289.0,800.0,36.1
8XQ1onjXJK0_seg001,4.0,0.00916,0.01219,0.35098,150.0,785.0,19.1
8XQ1onjXJK0_seg002,4.0,0.00202,0.00205,0.13672,315.0,766.0,41.1
8XQ1onjXJK0_seg003,3.0,0.01462,0.01912,0.24844,462.0,786.0,58.8
8XQ1onjXJK0_seg004,2.0,0.01749,0.0214,0.20217,455.0,736.0,61.8
8XQ1onjXJK0_seg005,3.0,0.01522,0.02204,0.21037,644.0,758.0,85.0
8XQ1onjXJK0_seg006,2.0,0.00202,0.00213,0.15685,320.0,759.0,42.2
8XQ1onjXJK0_seg007,2.0,0.01873,0.01563,0.18581,340.0,758.0,44.9
8XQ1onjXJK0_seg008,2.0,0.02518,0.01132,0.28846,212.0,791.0,26.8
8XQ1onjXJK0_seg009,1.0,0.02362,0.01654,0.27759,654.0,806.0,81.1
8XQ1onjXJK0_seg010,2.0,0.02149,0.01831,0.1504,493.0,747.0,66.0
8XQ1onjXJK0_seg011,2.0,0.03708,0.00683,0.23003,627.0,740.0,84.7
8XQ1onjXJK0_seg012,1.0,0.01024,0.00757,0.29831,511.0,741.0,69.0
8XQ1onjXJK0_seg013,3.0,0.0137,0.01508,0.24917,449.0,725.0,61.9
8XQ1onjXJK0_seg014,2.0,0.014,0.00582,0.13557,443.0,726.0,61.0
8XQ1onjXJK0_seg015,1.0,0.00168,0.00565,0.14473,113.0,761.0,14.8
8XQ1onjXJK0_seg016,2.0,0.02767,0.01302,0.21479,418.0,750.0,55.7
8XQ1onjXJK0_seg017,2.0,0.03409,0.00647,0.35986,184.0,721.0,25.5
8XQ1onjXJK0_seg018,3.0,0.00254,0.00746,0.13166,241.0,767.0,31.4
8XQ1onjXJK0_seg019,3.0,0.01091,0.00585,0.33104,355.0,733.0,48.4
8XQ1onjXJK0_seg020,2.0,0.01292,0.00355,0.18986,239.0,815.0,29.3
8XQ1onjXJK0_seg021,2.0,0.00545,0.00986,0.36066,366.0,731.0,50.1
8XQ1onjXJK0_seg022,3.0,0.0276,0.02672,0.41445,371.0,743.0,49.9
8XQ1onjXJK0_seg023,2.0,0.02369,0.02458,0.19341,512.0,731.0,70.0
8XQ1onjXJK0_seg024,3.0,0.02739,0.02708,0.37342,111.0,767.0,14.5
8XQ1onjXJK0_seg025,3.0,0.0191,0.01733,0.33977,474.0,726.0,65.3
8XQ1onjXJK0_seg026,4.0,0.01933,0.01139,0.46162,250.0,727.0,34.4
8XQ1onjXJK0_seg027,4.0,0.00968,0.00148,0.20485,573.0,787.0,72.8
8XQ1onjXJK0_seg028,4.0,0.02386,0.02055,0.24109,247.0,774.0,31.9
8XQ1onjXJK0_seg029,3.0,0.00785,0.00449,0.25106,432.0,754.0,57.3
8XQ1onjXJK0_seg030,2.0,0.034,0.04155,0.1802,206.0,763.0,27.0
8XQ1onjXJK0_seg031,3.0,0.01537,0.00544,0.37073,324.0,824.0,39.3
8XQ1onjXJK0_seg032,3.0,0.0219,0.02307,0.16651,223.0,723.0,30.8
,,0.0,0.0,0.0,0.0,0.0,0.0
,,0.0,0.0,0.0,0.0,0.0,0.0
BFZtNN6eNvQ_seg001,4.0,0.00827,0.01762,0.38914,558.0,934.0,59.7
BFZtNN6eNvQ_seg002,3.0,0.01108,0.00865,0.37173,785.0,1007.0,78.0
BFZtNN6eNvQ_seg003,3.0,0.01366,0.0113,0.35747,729.0,1051.0,69.4
BFZtNN6eNvQ_seg004,2.0,0.01248,0.01123,0.36905,824.0,1051.0,78.4
BFZtNN6eNvQ_seg005,3.0,0.0169,0.03761,0.42416,255.0,921.0,27.7
BFZtNN6eNvQ_seg006,3.0,0.0207,0.01653,0.37721,491.0,924.0,53.1
BFZtNN6eNvQ_seg007,3.0,0.01539,0.01259,0.37241,633.0,1031.0,61.4
BFZtNN6eNvQ_seg008,2.0,0.02929,0.03427,0.26281,606.0,1015.0,59.7
BFZtNN6eNvQ_seg009,3.0,0.02188,0.01195,0.36662,746.0,1036.0,72.0
BFZtNN6eNvQ_seg010,4.0,0.01902,0.00687,0.36763,645.0,945.0,68.3
BFZtNN6eNvQ_seg011,2.0,0.02039,0.01304,0.36361,519.0,1029.0,50.4
BFZtNN6eNvQ_seg012,3.0,0.00875,0.00975,0.3599,812.0,1110.0,73.2
BFZtNN6eNvQ_seg013,2.0,0.01226,0.0122,0.34204,577.0,1014.0,56.9
BFZtNN6eNvQ_seg014,3.0,0.02145,0.019,0.31484,779.0,1126.0,69.2
BFZtNN6eNvQ_seg015,3.0,0.01798,0.01663,0.3692,729.0,1120.0,65.1
BFZtNN6eNvQ_seg016,3.0,0.01199,0.01162,0.42876,437.0,1046.0,41.8
Cd0JH1AreDw_seg000,4.0,0.00806,0.02857,0.22521,859.0,943.0,91.1
Cd0JH1AreDw_seg001,4.0,0.00288,0.00373,0.31228,331.0,943.0,35.1
Cd0JH1AreDw_seg002,3.0,0.02024,0.01709,0.32041,38.0,933.0,4.1
Cd0JH1AreDw_seg003,4.0,0.00982,0.00802,0.12791,310.0,926.0,33.5
Cd0JH1AreDw_seg004,4.0,0.02219,0.02425,0.1935,294.0,996.0,29.5
Cd0JH1AreDw_seg005,3.0,0.00424,0.04991,0.37539,16.0,950.0,1.7
Cd0JH1AreDw_seg006,3.0,0.0,0.0,0.0,0.0,0.0,0.0
Cd0JH1AreDw_seg007,3.0,0.0,0.0,0.0,0.0,0.0,0.0
Cd0JH1AreDw_seg008,4.0,0.00742,0.00872,0.12536,348.0,937.0,37.1
Cd0JH1AreDw_seg009,4.0,0.00498,0.00934,0.34346,78.0,935.0,8.3
Cd0JH1AreDw_seg010,3.0,0.02563,0.00841,0.39098,5.0,978.0,0.5
Cd0JH1AreDw_seg011,2.0,0.02361,0.03557,0.47622,13.0,921.0,1.4
Cd0JH1AreDw_seg012,3.0,0.0081,0.00601,0.1517,430.0,909.0,47.3
Cd0JH1AreDw_seg013,3.0,0.01049,0.01812,0.14588,427.0,927.0,46.1
Cd0JH1AreDw_seg014,3.0,0.01248,0.00875,0.24557,306.0,936.0,32.7
Cd0JH1AreDw_seg015,4.0,0.00264,0.00095,0.37396,22.0,937.0,2.3
Cd0JH1AreDw_seg016,3.0,0.00869,0.01645,0.35445,92.0,981.0,9.4
Cd0JH1AreDw_seg017,2.0,0.01999,0.05072,0.47472,53.0,943.0,5.6
Cd0JH1AreDw_seg018,3.0,0.00315,0.01567,0.12252,501.0,951.0,52.7
Cd0JH1AreDw_seg019,3.0,0.0,0.0,0.0,0.0,0.0,0.0
Cd0JH1AreDw_seg020,3.0,0.0,0.0,0.0,0.0,0.0,0.0
Cd0JH1AreDw_seg021,2.0,0.00649,0.01662,0.35175,484.0,965.0,50.2
Cd0JH1AreDw_seg022,2.0,0.0,0.0,0.0,0.0,0.0,0.0
Cd0JH1AreDw_seg023,2.0,0.02739,0.00742,0.13664,88.0,965.0,9.1
Cd0JH1AreDw_seg024,3.0,0.00801,0.00635,0.11897,286.0,937.0,30.5
Cd0JH1AreDw_seg025,3.0,0.0,0.0,0.0,0.0,0.0,0.0
Cd0JH1AreDw_seg026,4.0,0.00382,0.0083,0.06753,501.0,950.0,52.7
Cd0JH1AreDw_seg027,3.0,0.0,0.0,0.0,0.0,0.0,0.0
Cd0JH1AreDw_seg028,3.0,0.0,0.0,0.0,0.0,0.0,0.0
Cd0JH1AreDw_seg029,3.0,0.0,0.0,0.0,0.0,0.0,0.0
D9Ihs241zeg_seg000,2.0,0.00184,0.00184,0.11552,86.0,937.0,9.2
D9Ihs241zeg_seg001,3.0,0.01266,0.01018,0.5467,21.0,954.0,2.2
D9Ihs241zeg_seg002,4.0,0.00266,0.00024,0.66551,6.0,954.0,0.6
D9Ihs241zeg_seg003,3.0,0.01232,0.01131,0.21554,283.0,968.0,29.2
D9Ihs241zeg_seg004,3.0,0.0,0.0,0.0,0.0,0.0,0.0
D9Ihs241zeg_seg005,2.0,1e-05,7e-05,0.1863,62.0,923.0,6.7
D9Ihs241zeg_seg006,2.0,0.00016,0.00018,0.45136,165.0,918.0,18.0
D9Ihs241zeg_seg007,3.0,0.0,0.0,0.0,0.0,0.0,0.0
D9Ihs241zeg_seg008,4.0,0.0,0.0,0.0,0.0,0.0,0.0
D9Ihs241zeg_seg009,3.0,0.0,0.0,0.0,0.0,0.0,0.0
D9Ihs241zeg_seg010,4.0,0.00012,2e-05,0.4615,285.0,961.0,29.7
D9Ihs241zeg_seg011,3.0,0.00138,0.00102,0.46671,223.0,916.0,24.3
D9Ihs241zeg_seg012,3.0,0.0,0.0,0.0,0.0,0.0,0.0
D9Ihs241zeg_seg013,3.0,0.0,0.0,0.0,0.0,0.0,0.0
D9Ihs241zeg_seg014,2.0,0.00216,0.00192,0.5007,294.0,937.0,31.4
D9Ihs241zeg_seg015,2.0,8e-05,5e-05,0.42152,581.0,923.0,62.9
D9Ihs241zeg_seg016,3.0,0.00211,0.00149,0.42825,144.0,940.0,15.3
D9Ihs241zeg_seg017,3.0,0.0,0.0,0.0,0.0,0.0,0.0
D9Ihs241zeg_seg018,3.0,0.00016,6e-05,0.41502,247.0,925.0,26.7
D9Ihs241zeg_seg019,4.0,0.00073,0.00058,0.41988,471.0,1196.0,39.4
D9Ihs241zeg_seg020,4.0,0.0,0.0,0.0,0.0,0.0,0.0
D9Ihs241zeg_seg021,3.0,0.00507,0.00338,0.0667,97.0,942.0,10.3
D9Ihs241zeg_seg022,4.0,0.00011,0.00019,0.50505,558.0,935.0,59.7
D9Ihs241zeg_seg023,3.0,0.00671,0.00565,0.49045,577.0,935.0,61.7
D9Ihs241zeg_seg024,4.0,0.00066,0.00027,0.50232,790.0,949.0,83.2
D9Ihs241zeg_seg025,3.0,0.00246,0.00226,0.12952,63.0,906.0,7.0
D9Ihs241zeg_seg026,4.0,0.0,0.0,0.0,0.0,0.0,0.0
D9Ihs241zeg_seg027,3.0,0.00498,0.00509,0.32771,421.0,923.0,45.6
D9Ihs241zeg_seg028,3.0,0.00056,0.00045,0.4153,507.0,947.0,53.5
D9Ihs241zeg_seg029,3.0,0.0,0.0,0.0,0.0,0.0,0.0
D9Ihs241zeg_seg030,3.0,0.0,0.0,0.0,0.0,0.0,0.0
D9Ihs241zeg_seg031,4.0,4e-05,0.00013,0.41505,114.0,961.0,11.9
eZj5n8ScTkI_seg000,3.0,0.01061,0.01024,0.05255,197.0,721.0,27.3
eZj5n8ScTkI_seg001,3.0,0.00686,0.00773,0.26641,583.0,749.0,77.8
eZj5n8ScTkI_seg002,2.0,0.00243,0.00132,0.24152,136.0,737.0,18.5
eZj5n8ScTkI_seg003,3.0,0.01305,0.00662,0.30506,387.0,757.0,51.1
eZj5n8ScTkI_seg004,4.0,0.00461,0.0025,0.25133,133.0,764.0,17.4
eZj5n8ScTkI_seg005,3.0,0.02199,0.02795,0.25761,176.0,777.0,22.7
eZj5n8ScTkI_seg006,3.0,0.05605,0.01293,0.18138,548.0,777.0,70.5
,,0.0,0.0,0.0,0.0,0.0,0.0
eZj5n8ScTkI_seg008,2.0,0.02296,0.00592,0.3045,363.0,749.0,48.5
eZj5n8ScTkI_seg009,3.0,0.04559,0.00759,0.31413,461.0,722.0,63.9
eZj5n8ScTkI_seg010,3.0,0.00901,0.01041,0.18587,706.0,748.0,94.4
,,0.0,0.0,0.0,0.0,0.0,0.0
eZj5n8ScTkI_seg012,2.0,0.01159,0.01179,0.22023,437.0,776.0,56.3
eZj5n8ScTkI_seg013,3.0,0.0076,0.02615,0.07515,337.0,725.0,46.5
eZj5n8ScTkI_seg014,3.0,0.0224,0.019,0.20303,293.0,760.0,38.6
eZj5n8ScTkI_seg015,3.0,0.018,0.01505,0.20758,584.0,758.0,77.0
eZj5n8ScTkI_seg016,2.0,0.02897,0.02692,0.19848,224.0,742.0,30.2
eZj5n8ScTkI_seg017,3.0,0.02604,0.00478,0.33026,365.0,741.0,49.3
eZj5n8ScTkI_seg018,2.0,0.00952,0.00847,0.07036,223.0,771.0,28.9
,,0.0,0.0,0.0,0.0,0.0,0.0
,,0.0,0.0,0.0,0.0,0.0,0.0
,,0.0,0.0,0.0,0.0,0.0,0.0
eZj5n8ScTkI_seg022,3.0,0.00947,0.00854,0.30408,379.0,757.0,50.1
eZj5n8ScTkI_seg023,3.0,0.00914,0.01457,0.12128,566.0,781.0,72.5
eZj5n8ScTkI_seg024,4.0,0.00802,0.00752,0.31376,400.0,759.0,52.7
eZj5n8ScTkI_seg025,3.0,0.00815,0.00983,0.3333,462.0,725.0,63.7
eZj5n8ScTkI_seg026,3.0,0.00182,0.00114,0.08118,259.0,782.0,33.1
eZj5n8ScTkI_seg027,3.0,0.00718,0.00689,0.31824,519.0,780.0,66.5
eZj5n8ScTkI_seg028,2.0,0.02977,0.0257,0.1692,288.0,756.0,38.1
eZj5n8ScTkI_seg029,3.0,0.04072,0.02062,1.0372,108.0,775.0,13.9
guXxy8LH2QM_seg000,4.0,0.01743,0.01482,0.25372,820.0,961.0,85.3
guXxy8LH2QM_seg001,3.0,0.02044,0.01663,0.25954,472.0,908.0,52.0
guXxy8LH2QM_seg002,2.0,0.01862,0.01617,0.24686,910.0,912.0,99.8
guXxy8LH2QM_seg003,3.0,0.01332,0.01202,0.28643,647.0,931.0,69.5
guXxy8LH2QM_seg004,4.0,0.00629,0.00587,0.12716,563.0,906.0,62.1
guXxy8LH2QM_seg005,3.0,0.01684,0.01455,0.26366,775.0,900.0,86.1
guXxy8LH2QM_seg006,3.0,0.01867,0.01362,0.22766,792.0,932.0,85.0
guXxy8LH2QM_seg007,2.0,0.01768,0.01648,0.25895,864.0,978.0,88.3
guXxy8LH2QM_seg008,3.0,0.00472,0.00483,0.2715,523.0,926.0,56.5
guXxy8LH2QM_seg009,3.0,0.01954,0.01675,0.25511,957.0,959.0,99.8
guXxy8LH2QM_seg010,4.0,0.01937,0.01674,0.26837,990.0,991.0,99.9
,,0.0,0.0,0.0,0.0,0.0,0.0
,,0.0,0.0,0.0,0.0,0.0,0.0
hJnEQCMA5Sg_seg002,2.0,0.02814,0.00444,0.52474,49.0,732.0,6.7
,,0.0,0.0,0.0,0.0,0.0,0.0
hJnEQCMA5Sg_seg004,3.0,6e-05,0.0023,0.18286,434.0,756.0,57.4
hJnEQCMA5Sg_seg005,3.0,0.00793,0.00203,0.21283,297.0,734.0,40.5
hJnEQCMA5Sg_seg006,2.0,0.03883,0.02086,0.23842,288.0,735.0,39.2
hJnEQCMA5Sg_seg007,2.0,0.00212,0.00224,0.13368,469.0,767.0,61.1
,,0.0,0.0,0.0,0.0,0.0,0.0
,,0.0,0.0,0.0,0.0,0.0,0.0
hJnEQCMA5Sg_seg010,3.0,0.00903,0.0096,0.19868,287.0,781.0,36.7
hJnEQCMA5Sg_seg011,3.0,0.02135,0.00386,0.21323,148.0,739.0,20.0
hJnEQCMA5Sg_seg012,3.0,0.01281,0.00539,0.09863,316.0,756.0,41.8
hJnEQCMA5Sg_seg013,3.0,0.03551,0.02176,0.25609,125.0,749.0,16.7
hJnEQCMA5Sg_seg014,3.0,0.01067,0.00126,0.21322,167.0,764.0,21.9
,,0.0,0.0,0.0,0.0,0.0,0.0
hJnEQCMA5Sg_seg016,2.0,0.00033,0.00091,0.18573,486.0,761.0,63.9
hJnEQCMA5Sg_seg017,2.0,0.05897,0.02082,0.44044,21.0,746.0,2.8
,,0.0,0.0,0.0,0.0,0.0,0.0
hJnEQCMA5Sg_seg019,2.0,0.02067,0.00826,0.12445,445.0,733.0,60.7
hJnEQCMA5Sg_seg020,3.0,0.00987,0.00172,0.23382,43.0,720.0,6.0
IcaDZK1Njb0_seg000,3.0,0.0188,0.01569,0.21234,478.0,955.0,50.1
IcaDZK1Njb0_seg001,2.0,0.02042,0.01985,0.34621,435.0,995.0,43.7
IcaDZK1Njb0_seg002,3.0,0.03042,0.02126,0.33999,669.0,1093.0,61.2
IcaDZK1Njb0_seg003,2.0,0.0032,0.00291,0.414,474.0,1014.0,46.7
IcaDZK1Njb0_seg004,1.0,0.02299,0.01513,0.20424,680.0,921.0,73.8
IcaDZK1Njb0_seg005,1.0,0.02114,0.0201,0.42125,710.0,964.0,73.7
IcaDZK1Njb0_seg006,3.0,0.0046,0.00595,0.42389,315.0,940.0,33.5
IcaDZK1Njb0_seg007,2.0,0.02044,0.01372,0.19544,753.0,946.0,79.6
IcaDZK1Njb0_seg008,3.0,0.00384,0.00206,0.40919,285.0,908.0,31.4
IcaDZK1Njb0_seg009,2.0,0.02139,0.01809,0.29144,880.0,918.0,95.9
IcaDZK1Njb0_seg010,2.0,0.00229,0.00252,0.409,351.0,980.0,35.8
IcaDZK1Njb0_seg011,1.0,0.01909,0.01382,0.35094,590.0,1164.0,50.7
IcaDZK1Njb0_seg012,2.0,0.02049,0.01447,0.31508,1039.0,1155.0,90.0
IcaDZK1Njb0_seg013,2.0,0.01508,0.01048,0.1577,877.0,936.0,93.7
IcaDZK1Njb0_seg014,2.0,0.0228,0.01582,0.21195,840.0,944.0,89.0
IcaDZK1Njb0_seg015,3.0,0.00376,0.00587,0.40375,236.0,931.0,25.3
IcaDZK1Njb0_seg016,3.0,0.02567,0.01505,0.28353,542.0,954.0,56.8
,,0.0,0.0,0.0,0.0,0.0,0.0
IcaDZK1Njb0_seg018,4.0,0.01711,0.01652,0.17636,965.0,1036.0,93.1
IcaDZK1Njb0_seg019,3.0,0.00377,0.00886,0.4076,373.0,1003.0,37.2
IcaDZK1Njb0_seg020,3.0,0.0293,0.021,0.28509,731.0,1066.0,68.6
IcaDZK1Njb0_seg021,2.0,0.01883,0.01663,0.35138,489.0,996.0,49.1
Ie9cACQnqew_seg000,3.0,0.02034,0.05324,0.26606,700.0,826.0,84.7
Ie9cACQnqew_seg001,3.0,0.01911,0.02968,0.22696,905.0,937.0,96.6
,,0.0,0.0,0.0,0.0,0.0,0.0
Ie9cACQnqew_seg003,1.0,0.01253,0.01387,0.19062,820.0,820.0,100.0
Ie9cACQnqew_seg004,2.0,0.0019,0.00208,0.26805,674.0,955.0,70.6
Ie9cACQnqew_seg005,3.0,0.02627,0.03931,0.26908,751.0,753.0,99.7
Ie9cACQnqew_seg006,2.0,0.0201,0.02208,0.18003,840.0,841.0,99.9
Ie9cACQnqew_seg007,4.0,0.01124,0.00837,0.2828,795.0,801.0,99.3
Ie9cACQnqew_seg008,3.0,0.01745,0.02428,0.28702,826.0,864.0,95.6
Ie9cACQnqew_seg009,3.0,0.01945,0.02134,0.34861,861.0,912.0,94.4
Ie9cACQnqew_seg010,4.0,0.01175,0.01498,0.19456,784.0,909.0,86.2
Ie9cACQnqew_seg011,3.0,0.02959,0.03246,0.26951,704.0,752.0,93.6
Ie9cACQnqew_seg012,3.0,0.01432,0.03803,0.40964,594.0,757.0,78.5
Ie9cACQnqew_seg013,3.0,0.0088,0.01078,0.37028,793.0,814.0,97.4
Ie9cACQnqew_seg014,4.0,0.02713,0.02626,0.24979,795.0,797.0,99.7
Ie9cACQnqew_seg015,4.0,0.00873,0.0078,0.38515,798.0,918.0,86.9
Ie9cACQnqew_seg016,4.0,0.01002,0.01056,0.37059,597.0,877.0,68.1
Ie9cACQnqew_seg017,3.0,0.02701,0.02652,0.27277,718.0,790.0,90.9
Ie9cACQnqew_seg018,2.0,0.01763,0.01798,0.16161,719.0,928.0,77.5
Ie9cACQnqew_seg019,3.0,0.0127,0.01301,0.37884,530.0,871.0,60.8
Ie9cACQnqew_seg020,3.0,0.02195,0.02964,0.23681,660.0,818.0,80.7
Ie9cACQnqew_seg021,3.0,0.0353,0.04457,0.27836,573.0,779.0,73.6
Ie9cACQnqew_seg022,3.0,0.01961,0.0404,0.39197,773.0,828.0,93.4
Ie9cACQnqew_seg023,4.0,0.03347,0.0864,0.31156,815.0,896.0,91.0
Ie9cACQnqew_seg024,4.0,0.02366,0.04212,0.33499,730.0,797.0,91.6
Ie9cACQnqew_seg025,3.0,0.0304,0.06769,0.33884,773.0,930.0,83.1
Ie9cACQnqew_seg026,3.0,0.01007,0.01103,0.39228,802.0,847.0,94.7
iG9CE55wbtY_seg000,4.0,0.00621,0.00523,0.28438,198.0,943.0,21.0
iG9CE55wbtY_seg001,4.0,0.00381,0.00794,0.1992,578.0,1058.0,54.6
iG9CE55wbtY_seg002,3.0,0.0,0.0,0.0,0.0,0.0,0.0
iG9CE55wbtY_seg003,3.0,0.0,0.0,0.0,0.0,0.0,0.0
iG9CE55wbtY_seg004,3.0,0.01452,0.04078,0.49515,9.0,912.0,1.0
iG9CE55wbtY_seg005,4.0,0.0,0.0,0.0,0.0,0.0,0.0
iG9CE55wbtY_seg006,4.0,0.0,0.0,0.0,0.0,0.0,0.0
iG9CE55wbtY_seg007,3.0,0.0,0.0,0.0,0.0,0.0,0.0
iG9CE55wbtY_seg008,3.0,0.00175,0.00058,0.19143,2.0,1128.0,0.2
iG9CE55wbtY_seg009,4.0,0.0,0.0,0.0,0.0,0.0,0.0
iG9CE55wbtY_seg010,4.0,0.0,0.0,0.0,0.0,0.0,0.0
iG9CE55wbtY_seg011,4.0,0.0,0.0,0.0,0.0,0.0,0.0
iG9CE55wbtY_seg012,4.0,0.00164,0.01015,0.29902,16.0,912.0,1.8
iG9CE55wbtY_seg013,3.0,0.0,0.0,0.0,0.0,0.0,0.0
iG9CE55wbtY_seg014,4.0,0.0,0.0,0.0,0.0,0.0,0.0
iG9CE55wbtY_seg015,4.0,0.01232,0.06221,0.3746,17.0,914.0,1.9
iG9CE55wbtY_seg016,4.0,0.0,0.0,0.0,0.0,0.0,0.0
iG9CE55wbtY_seg017,4.0,0.01901,0.08944,0.35124,17.0,1068.0,1.6
iG9CE55wbtY_seg018,4.0,0.0,0.0,0.0,0.0,0.0,0.0
iG9CE55wbtY_seg019,4.0,0.0,0.0,0.0,0.0,0.0,0.0
iG9CE55wbtY_seg020,4.0,0.0,0.0,0.0,0.0,0.0,0.0
iG9CE55wbtY_seg021,4.0,0.00282,0.0562,0.3745,42.0,914.0,4.6
iG9CE55wbtY_seg022,4.0,0.0,0.0,0.0,0.0,0.0,0.0
iG9CE55wbtY_seg023,4.0,0.01688,0.00181,0.29563,4.0,974.0,0.4
iG9CE55wbtY_seg024,3.0,0.01771,0.05634,0.43506,154.0,962.0,16.0
iG9CE55wbtY_seg025,4.0,0.02455,0.02834,0.33785,225.0,938.0,24.0
iG9CE55wbtY_seg026,4.0,0.00514,0.00257,0.46353,137.0,936.0,14.6
iG9CE55wbtY_seg027,4.0,0.00269,0.00382,0.46285,598.0,914.0,65.4
iG9CE55wbtY_seg028,3.0,0.00288,0.00021,0.1882,43.0,933.0,4.6
iG9CE55wbtY_seg029,4.0,0.0,0.0,0.0,0.0,0.0,0.0
iG9CE55wbtY_seg030,4.0,0.01014,0.00261,0.32708,37.0,900.0,4.1
iG9CE55wbtY_seg031,4.0,0.0,0.0,0.0,0.0,0.0,0.0
iG9CE55wbtY_seg032,4.0,0.02183,0.05024,0.39828,14.0,941.0,1.5
,,0.0,0.0,0.0,0.0,0.0,0.0
jMVAgCPYYHY_seg000,3.0,0.02284,0.04869,0.28949,415.0,822.0,50.5
jMVAgCPYYHY_seg001,2.0,0.01592,0.03802,0.19838,304.0,808.0,37.6
jMVAgCPYYHY_seg002,2.0,0.02062,0.03369,0.30895,490.0,739.0,66.3
jMVAgCPYYHY_seg003,1.0,0.02209,0.02204,0.22863,345.0,726.0,47.5
,,0.0,0.0,0.0,0.0,0.0,0.0
,,0.0,0.0,0.0,0.0,0.0,0.0
jMVAgCPYYHY_seg006,2.0,0.01898,0.0252,0.23077,671.0,773.0,86.8
jMVAgCPYYHY_seg007,2.0,0.00749,0.0189,0.18508,665.0,723.0,92.0
jMVAgCPYYHY_seg008,1.0,0.00722,0.04824,0.30602,527.0,753.0,70.0
jMVAgCPYYHY_seg009,2.0,0.02412,0.01328,0.22914,458.0,729.0,62.8
jMVAgCPYYHY_seg010,3.0,0.02243,0.04931,0.15948,277.0,750.0,36.9
jMVAgCPYYHY_seg011,2.0,0.02444,0.08984,0.26378,491.0,769.0,63.8
,,0.0,0.0,0.0,0.0,0.0,0.0
,,0.0,0.0,0.0,0.0,0.0,0.0
jMVAgCPYYHY_seg014,2.0,0.01673,0.01893,0.1681,568.0,733.0,77.5
jMVAgCPYYHY_seg015,2.0,0.01291,0.01306,0.16295,288.0,785.0,36.7
jMVAgCPYYHY_seg016,2.0,0.0426,0.00629,0.19845,216.0,727.0,29.7
,,0.0,0.0,0.0,0.0,0.0,0.0
jQ95xlZeHo8_seg000,3.0,0.00511,0.0049,0.32491,671.0,903.0,74.3
jQ95xlZeHo8_seg001,3.0,0.01176,0.01351,0.26094,788.0,1008.0,78.2
jQ95xlZeHo8_seg002,3.0,0.01401,0.01625,0.18553,997.0,1064.0,93.7
jQ95xlZeHo8_seg003,3.0,0.00018,0.00024,0.02887,662.0,925.0,71.6
jQ95xlZeHo8_seg004,3.0,0.00136,0.0022,0.18069,509.0,909.0,56.0
jQ95xlZeHo8_seg005,2.0,0.01452,0.01646,0.18102,918.0,923.0,99.5
jQ95xlZeHo8_seg006,2.0,0.01479,0.0302,0.31546,715.0,937.0,76.3
jQ95xlZeHo8_seg007,3.0,0.00875,0.00956,0.13423,885.0,996.0,88.9
jQ95xlZeHo8_seg008,2.0,0.0137,0.00776,0.20998,869.0,965.0,90.1
jQ95xlZeHo8_seg009,3.0,0.00837,0.00816,0.30105,908.0,909.0,99.9
Ks-_Mh1QhMc_seg000,3.0,0.00415,0.01111,0.18515,283.0,767.0,36.9
,,0.0,0.0,0.0,0.0,0.0,0.0
,,0.0,0.0,0.0,0.0,0.0,0.0
Ks-_Mh1QhMc_seg003,1.0,0.00286,0.00315,0.23552,783.0,783.0,100.0
Ks-_Mh1QhMc_seg004,3.0,0.00717,0.00917,0.16675,665.0,785.0,84.7
Ks-_Mh1QhMc_seg005,2.0,0.00362,0.00354,0.21991,110.0,767.0,14.3
Ks-_Mh1QhMc_seg006,2.0,0.00983,0.00851,0.18559,432.0,769.0,56.2
,,0.0,0.0,0.0,0.0,0.0,0.0
,,0.0,0.0,0.0,0.0,0.0,0.0
Ks-_Mh1QhMc_seg009,3.0,0.00457,0.00371,0.29987,411.0,782.0,52.6
Ks-_Mh1QhMc_seg010,2.0,0.00915,0.00635,0.27156,785.0,785.0,100.0
Ks-_Mh1QhMc_seg011,2.0,0.0036,0.00252,0.256,740.0,795.0,93.1
,,0.0,0.0,0.0,0.0,0.0,0.0
Ks-_Mh1QhMc_seg013,1.0,0.00409,0.01169,0.19179,291.0,782.0,37.2
Ks-_Mh1QhMc_seg014,2.0,0.00108,0.0029,0.17687,122.0,755.0,16.2
Ks-_Mh1QhMc_seg015,1.0,0.00257,0.00052,0.0564,65.0,816.0,8.0
Ks-_Mh1QhMc_seg016,3.0,0.00631,0.00297,0.22532,788.0,788.0,100.0
Ks-_Mh1QhMc_seg017,2.0,0.093,0.08375,0.37553,49.0,781.0,6.3
,,0.0,0.0,0.0,0.0,0.0,0.0
,,0.0,0.0,0.0,0.0,0.0,0.0
,,0.0,0.0,0.0,0.0,0.0,0.0
Ks-_Mh1QhMc_seg021,2.0,0.00153,0.00089,0.06132,86.0,793.0,10.8
Ks-_Mh1QhMc_seg022,2.0,0.0,0.0,0.0,0.0,0.0,0.0
Ks-_Mh1QhMc_seg023,2.0,0.00343,0.00527,0.13675,276.0,795.0,34.7
Ks-_Mh1QhMc_seg024,2.0,0.00281,0.00449,0.25118,310.0,803.0,38.6
,,0.0,0.0,0.0,0.0,0.0,0.0
Ks-_Mh1QhMc_seg026,2.0,0.00721,0.01959,0.28301,405.0,768.0,52.7
Ks-_Mh1QhMc_seg027,3.0,0.01169,0.01382,0.22299,192.0,768.0,25.0
Ks-_Mh1QhMc_seg028,2.0,0.01297,0.01409,0.21424,198.0,756.0,26.2
Ks-_Mh1QhMc_seg029,3.0,0.0,0.0,0.0,0.0,0.0,0.0
Ks-_Mh1QhMc_seg030,3.0,0.0,0.0,0.0,0.0,0.0,0.0
Ks-_Mh1QhMc_seg031,3.0,0.00051,0.00028,0.14737,9.0,760.0,1.2
Ks-_Mh1QhMc_seg032,0.0,0.00376,0.00494,0.1939,268.0,777.0,34.5
Ks-_Mh1QhMc_seg033,0.0,0.0,0.0,0.0,0.0,0.0,0.0
,,0.0,0.0,0.0,0.0,0.0,0.0
Ks-_Mh1QhMc_seg035,3.0,0.10913,0.16454,0.72096,7.0,804.0,0.9
,,0.0,0.0,0.0,0.0,0.0,0.0
ldq6wKtQzU8_seg001,3.0,0.00564,0.00554,0.29172,428.0,779.0,54.9
ldq6wKtQzU8_seg002,2.0,0.01021,0.0113,0.28658,469.0,776.0,60.4
ldq6wKtQzU8_seg003,3.0,0.00843,0.01397,0.35731,329.0,893.0,36.8
ldq6wKtQzU8_seg004,4.0,0.00749,0.00685,0.26797,686.0,751.0,91.3
ldq6wKtQzU8_seg005,3.0,0.00476,0.00853,0.3092,424.0,750.0,56.5
ldq6wKtQzU8_seg006,3.0,0.00421,0.00539,0.31875,611.0,834.0,73.3
ldq6wKtQzU8_seg007,3.0,0.01044,0.01811,0.3311,539.0,786.0,68.6
ldq6wKtQzU8_seg008,2.0,0.00791,0.00551,0.3061,314.0,741.0,42.4
ldq6wKtQzU8_seg009,2.0,0.00901,0.00987,0.32593,494.0,725.0,68.1
ldq6wKtQzU8_seg010,2.0,0.00517,0.00812,0.28426,452.0,729.0,62.0
,,0.0,0.0,0.0,0.0,0.0,0.0
ldq6wKtQzU8_seg012,2.0,0.00824,0.00946,0.36283,526.0,765.0,68.8
nn5k4snG3rA_seg000,3.0,0.02428,0.00601,0.31176,621.0,924.0,67.2
nn5k4snG3rA_seg001,4.0,0.00046,0.00329,0.22967,942.0,942.0,100.0
nn5k4snG3rA_seg002,3.0,0.00191,0.00689,0.1997,556.0,955.0,58.2
nn5k4snG3rA_seg003,4.0,0.01499,0.01072,0.25096,888.0,968.0,91.7
nn5k4snG3rA_seg004,3.0,0.00085,0.00236,0.37438,609.0,903.0,67.4
nn5k4snG3rA_seg005,4.0,0.01108,0.01101,0.3102,648.0,918.0,70.6
nn5k4snG3rA_seg006,3.0,0.01452,0.01401,0.24995,662.0,901.0,73.5
nn5k4snG3rA_seg007,3.0,0.01241,0.01352,0.33424,846.0,919.0,92.1
nn5k4snG3rA_seg008,4.0,0.01073,0.01075,0.32196,906.0,931.0,97.3
nn5k4snG3rA_seg009,3.0,0.00081,0.00434,0.35764,905.0,926.0,97.7
nn5k4snG3rA_seg010,3.0,0.01596,0.01331,0.23765,842.0,917.0,91.8
nn5k4snG3rA_seg011,4.0,0.01208,0.01151,0.28966,942.0,947.0,99.5
nn5k4snG3rA_seg012,4.0,0.01913,0.01755,0.22946,721.0,924.0,78.0
nn5k4snG3rA_seg013,4.0,0.00106,0.00986,0.30064,883.0,954.0,92.6
nn5k4snG3rA_seg014,3.0,0.00085,0.00955,0.31219,600.0,963.0,62.3
nn5k4snG3rA_seg015,4.0,0.01931,0.02167,0.19031,908.0,921.0,98.6
nn5k4snG3rA_seg016,4.0,0.00049,0.00288,0.29954,942.0,963.0,97.8
nn5k4snG3rA_seg017,3.0,0.00255,0.00564,0.27907,983.0,1003.0,98.0
nn5k4snG3rA_seg018,3.0,0.02377,0.00995,0.19943,419.0,967.0,43.3
nn5k4snG3rA_seg019,3.0,0.03401,0.0158,0.34235,349.0,950.0,36.7
nn5k4snG3rA_seg020,3.0,0.00106,0.00439,0.30717,790.0,914.0,86.4
nn5k4snG3rA_seg021,3.0,0.0003,0.0049,0.29329,823.0,935.0,88.0
nn5k4snG3rA_seg022,3.0,0.00056,0.00954,0.32235,898.0,959.0,93.6
nn5k4snG3rA_seg023,4.0,0.00226,0.00407,0.29006,977.0,977.0,100.0
nn5k4snG3rA_seg024,3.0,0.00025,0.00537,0.30153,850.0,932.0,91.2
nn5k4snG3rA_seg025,3.0,0.0004,0.01297,0.26155,270.0,907.0,29.8
nn5k4snG3rA_seg026,3.0,0.00103,0.00099,0.16834,536.0,919.0,58.3
,,0.0,0.0,0.0,0.0,0.0,0.0
nn5k4snG3rA_seg028,4.0,0.00236,0.00371,0.23812,846.0,966.0,87.6
nn5k4snG3rA_seg029,3.0,0.00077,0.00082,0.22779,948.0,948.0,100.0
nn5k4snG3rA_seg030,3.0,0.00114,0.00059,0.24341,911.0,911.0,100.0
nn5k4snG3rA_seg031,3.0,0.00206,0.00048,0.24309,879.0,903.0,97.3
P_6vDLq64gE_seg000,3.0,0.0198,0.00324,0.13796,323.0,763.0,42.3
P_6vDLq64gE_seg001,2.0,0.00446,0.00435,0.09022,257.0,759.0,33.9
P_6vDLq64gE_seg002,3.0,0.03212,0.02728,0.25773,375.0,801.0,46.8
P_6vDLq64gE_seg003,4.0,0.00421,0.00133,0.06783,483.0,803.0,60.1
P_6vDLq64gE_seg004,3.0,0.01626,0.01225,0.16965,359.0,794.0,45.2
,,0.0,0.0,0.0,0.0,0.0,0.0
P_6vDLq64gE_seg006,3.0,0.01291,0.01176,0.17732,484.0,793.0,61.0
P_6vDLq64gE_seg007,4.0,0.00629,0.00739,0.1631,426.0,812.0,52.5
,,0.0,0.0,0.0,0.0,0.0,0.0
P_6vDLq64gE_seg009,3.0,0.05242,0.04894,0.14151,197.0,773.0,25.5
,,0.0,0.0,0.0,0.0,0.0,0.0
,,0.0,0.0,0.0,0.0,0.0,0.0
P_6vDLq64gE_seg012,4.0,0.01375,0.01196,0.1243,413.0,781.0,52.9
,,0.0,0.0,0.0,0.0,0.0,0.0
P_6vDLq64gE_seg014,3.0,0.01803,0.01545,0.21593,293.0,814.0,36.0
P_6vDLq64gE_seg015,3.0,0.00695,0.00584,0.21065,266.0,770.0,34.5
,,0.0,0.0,0.0,0.0,0.0,0.0
,,0.0,0.0,0.0,0.0,0.0,0.0
P_6vDLq64gE_seg018,3.0,0.00089,0.00063,0.27165,357.0,799.0,44.7
P_6vDLq64gE_seg019,3.0,0.01375,0.01119,0.15333,208.0,781.0,26.6
P_6vDLq64gE_seg020,3.0,0.01501,0.01845,0.10082,184.0,775.0,23.7
,,0.0,0.0,0.0,0.0,0.0,0.0
P_6vDLq64gE_seg022,2.0,0.01182,0.01119,0.09944,261.0,750.0,34.8
,,0.0,0.0,0.0,0.0,0.0,0.0
P_6vDLq64gE_seg024,4.0,0.00621,0.00539,0.171,502.0,778.0,64.5
P_6vDLq64gE_seg025,3.0,0.00291,0.00231,0.21749,479.0,771.0,62.1
,,0.0,0.0,0.0,0.0,0.0,0.0
,,0.0,0.0,0.0,0.0,0.0,0.0
,,0.0,0.0,0.0,0.0,0.0,0.0
P_6vDLq64gE_seg029,3.0,0.0142,0.01676,0.12296,246.0,793.0,31.0
P_6vDLq64gE_seg030,4.0,0.00395,0.00397,0.18607,343.0,816.0,42.0
P_6vDLq64gE_seg031,4.0,0.00448,0.00389,0.14987,434.0,754.0,57.6
Q80MfH7xPPE_seg000,3.0,0.00269,0.01415,0.14839,285.0,779.0,36.6
Q80MfH7xPPE_seg001,3.0,0.01548,0.01854,0.2143,494.0,789.0,62.6
Q80MfH7xPPE_seg002,3.0,0.02247,0.02161,0.22265,503.0,767.0,65.6
Q80MfH7xPPE_seg003,3.0,0.01599,0.05298,0.30494,674.0,774.0,87.1
Q80MfH7xPPE_seg004,2.0,0.01782,0.04105,0.25985,364.0,766.0,47.5
Q80MfH7xPPE_seg005,3.0,0.01283,0.00217,0.19033,380.0,782.0,48.6
Q80MfH7xPPE_seg006,2.0,0.0167,0.0135,0.19691,673.0,764.0,88.1
Q80MfH7xPPE_seg007,3.0,0.01523,0.02006,0.20383,669.0,753.0,88.8
Q80MfH7xPPE_seg008,3.0,0.01284,0.05079,0.31924,713.0,793.0,89.9
Q80MfH7xPPE_seg009,2.0,0.01788,0.02381,0.29387,494.0,750.0,65.9
Q80MfH7xPPE_seg010,2.0,0.01517,0.01129,0.24565,825.0,829.0,99.5
Q80MfH7xPPE_seg011,2.0,0.01016,0.01393,0.28113,324.0,755.0,42.9
Q80MfH7xPPE_seg012,3.0,0.01018,0.00899,0.1498,518.0,755.0,68.6
Q80MfH7xPPE_seg013,3.0,0.00915,0.01266,0.38412,77.0,805.0,9.6
Q80MfH7xPPE_seg014,2.0,0.01878,0.01498,0.22371,286.0,750.0,38.1
Q80MfH7xPPE_seg015,3.0,0.01675,0.01492,0.23821,509.0,808.0,63.0
Q80MfH7xPPE_seg016,2.0,0.01418,0.05748,0.21534,429.0,767.0,55.9
Q80MfH7xPPE_seg017,2.0,0.01055,0.02464,0.2916,658.0,765.0,86.0
Q80MfH7xPPE_seg018,2.0,0.00873,0.02797,0.3902,689.0,787.0,87.5
Q80MfH7xPPE_seg019,3.0,0.01107,0.02806,0.3909,540.0,782.0,69.1
Q80MfH7xPPE_seg020,2.0,0.00773,0.05309,0.34061,726.0,762.0,95.3
rFpDK2KhAgw_seg000,2.0,0.02719,0.02075,0.22758,248.0,792.0,31.3
rFpDK2KhAgw_seg001,3.0,0.00917,0.00617,0.22465,451.0,747.0,60.4
rFpDK2KhAgw_seg002,2.0,0.01265,0.0148,0.22814,768.0,768.0,100.0
rFpDK2KhAgw_seg003,3.0,0.00464,0.00891,0.2977,381.0,757.0,50.3
rFpDK2KhAgw_seg004,2.0,0.00529,0.00804,0.15069,342.0,724.0,47.2
rFpDK2KhAgw_seg005,2.0,0.00388,0.00302,0.14661,247.0,735.0,33.6
rFpDK2KhAgw_seg006,3.0,0.01951,0.00629,0.19624,158.0,831.0,19.0
rFpDK2KhAgw_seg007,3.0,0.01152,0.00513,0.18532,312.0,767.0,40.7
rFpDK2KhAgw_seg008,3.0,0.0002,0.00018,0.10005,152.0,789.0,19.3
rFpDK2KhAgw_seg009,2.0,0.02079,0.0227,0.25764,503.0,729.0,69.0
rFpDK2KhAgw_seg010,3.0,0.00677,0.01286,0.34167,676.0,766.0,88.3
rFpDK2KhAgw_seg011,3.0,0.01737,0.02598,0.27297,393.0,728.0,54.0
rFpDK2KhAgw_seg012,3.0,0.01183,0.00509,0.21935,123.0,752.0,16.4
rFpDK2KhAgw_seg013,3.0,0.01413,0.01352,0.31747,610.0,731.0,83.4
rFpDK2KhAgw_seg014,2.0,0.00857,0.00963,0.342,276.0,761.0,36.3
rFpDK2KhAgw_seg015,3.0,0.01673,0.03094,0.23361,696.0,752.0,92.6
rFpDK2KhAgw_seg016,3.0,0.01355,0.01173,0.24787,136.0,764.0,17.8
rFpDK2KhAgw_seg017,3.0,0.00807,0.00583,0.16949,471.0,736.0,64.0
rFpDK2KhAgw_seg018,4.0,0.0314,0.01129,0.17192,89.0,766.0,11.6
rFpDK2KhAgw_seg019,4.0,0.02368,0.01807,0.41585,159.0,736.0,21.6
TS6lFDVR-3g_seg000,4.0,0.01413,0.01639,0.2573,884.0,980.0,90.2
TS6lFDVR-3g_seg001,4.0,0.01845,0.01786,0.26725,709.0,919.0,77.1
TS6lFDVR-3g_seg002,4.0,0.00129,0.00059,0.30664,736.0,907.0,81.1
TS6lFDVR-3g_seg003,4.0,0.00336,0.01315,0.34298,739.0,914.0,80.9
TS6lFDVR-3g_seg004,3.0,0.00198,0.00198,0.31536,957.0,957.0,100.0
TS6lFDVR-3g_seg005,4.0,0.00792,0.00742,0.2723,985.0,985.0,100.0
TS6lFDVR-3g_seg006,4.0,0.00451,0.00473,0.32244,797.0,914.0,87.2
TS6lFDVR-3g_seg007,3.0,0.00107,0.00116,0.29286,857.0,911.0,94.1
TS6lFDVR-3g_seg008,3.0,0.00741,0.00734,0.23945,924.0,924.0,100.0
TS6lFDVR-3g_seg009,3.0,0.01238,0.02161,0.32349,638.0,911.0,70.0
TS6lFDVR-3g_seg010,4.0,0.00319,0.00155,0.32301,720.0,953.0,75.6
TS6lFDVR-3g_seg011,3.0,0.00616,0.0054,0.25939,935.0,993.0,94.2
TS6lFDVR-3g_seg012,3.0,0.00146,0.00236,0.28563,779.0,930.0,83.8
TS6lFDVR-3g_seg013,3.0,0.00094,0.00058,0.30197,956.0,956.0,100.0
TS6lFDVR-3g_seg014,4.0,0.00803,0.00684,0.28903,950.0,950.0,100.0
TS6lFDVR-3g_seg015,3.0,0.01078,0.02662,0.26152,743.0,915.0,81.2
TS6lFDVR-3g_seg016,3.0,0.00061,0.00062,0.31853,906.0,906.0,100.0
TS6lFDVR-3g_seg017,4.0,0.00453,0.00229,0.31509,750.0,951.0,78.9
tt2xKhTHZQs_seg000,3.0,0.02126,0.01829,0.17185,487.0,735.0,66.3
tt2xKhTHZQs_seg001,3.0,0.00625,0.03147,0.2554,465.0,770.0,60.4
tt2xKhTHZQs_seg002,3.0,0.00942,0.01068,0.2547,467.0,738.0,63.3
tt2xKhTHZQs_seg003,2.0,0.0,0.0,0.0,0.0,0.0,0.0
,,0.0,0.0,0.0,0.0,0.0,0.0
tt2xKhTHZQs_seg005,3.0,0.00939,0.0182,0.25435,455.0,759.0,59.9
tt2xKhTHZQs_seg006,3.0,0.00016,6e-05,0.12893,226.0,746.0,30.3
tt2xKhTHZQs_seg007,4.0,0.01151,0.00965,0.25743,532.0,742.0,71.7
UWKvpFZJwcE_seg000,3.0,0.01951,0.01542,0.17719,502.0,813.0,61.7
UWKvpFZJwcE_seg001,3.0,0.01701,0.01812,0.19195,492.0,758.0,64.9
UWKvpFZJwcE_seg002,2.0,0.01369,0.01111,0.19021,782.0,792.0,98.7
UWKvpFZJwcE_seg003,3.0,0.02464,0.01908,0.20099,427.0,810.0,52.7
UWKvpFZJwcE_seg004,3.0,0.02156,0.00429,0.21105,438.0,792.0,55.3
UWKvpFZJwcE_seg005,3.0,0.02032,0.0089,0.24153,401.0,787.0,51.0
UWKvpFZJwcE_seg006,3.0,0.01091,0.00825,0.20969,592.0,796.0,74.4
UWKvpFZJwcE_seg007,2.0,0.01578,0.01463,0.23086,357.0,794.0,45.0
UWKvpFZJwcE_seg008,3.0,0.03327,0.00862,0.24097,320.0,754.0,42.4
UWKvpFZJwcE_seg009,2.0,0.02289,0.02012,0.21722,435.0,759.0,57.3
UWKvpFZJwcE_seg010,4.0,0.01642,0.0162,0.17794,492.0,899.0,54.7
UWKvpFZJwcE_seg011,3.0,0.02358,0.01491,0.22008,638.0,787.0,81.1
UWKvpFZJwcE_seg012,2.0,0.01168,0.02454,0.20501,399.0,768.0,52.0
UWKvpFZJwcE_seg013,3.0,0.01947,0.01424,0.17822,604.0,784.0,77.0
UWKvpFZJwcE_seg014,2.0,0.028,0.01892,0.21225,616.0,786.0,78.4
vNpmq6Ok-QQ_seg000,2.0,0.00811,0.0075,0.17439,418.0,766.0,54.6
vNpmq6Ok-QQ_seg001,3.0,0.00168,0.00537,0.29894,278.0,876.0,31.7
vNpmq6Ok-QQ_seg002,3.0,0.00261,0.00185,0.16445,542.0,882.0,61.5
vNpmq6Ok-QQ_seg003,2.0,0.00028,0.00042,0.1304,543.0,774.0,70.2
vNpmq6Ok-QQ_seg004,3.0,0.06787,0.07221,0.24329,64.0,784.0,8.2
vNpmq6Ok-QQ_seg005,4.0,0.00548,0.013,0.29771,448.0,750.0,59.7
vNpmq6Ok-QQ_seg006,3.0,0.0312,0.03152,0.22407,440.0,782.0,56.3
vNpmq6Ok-QQ_seg007,4.0,0.0035,0.00404,0.19934,594.0,796.0,74.6
vNpmq6Ok-QQ_seg008,3.0,0.01053,0.00994,0.13327,451.0,806.0,56.0
vNpmq6Ok-QQ_seg009,3.0,0.00462,0.0131,0.14906,421.0,786.0,53.6
vNpmq6Ok-QQ_seg010,4.0,0.00723,0.03375,0.21164,272.0,756.0,36.0
vNpmq6Ok-QQ_seg011,4.0,0.00419,0.0002,0.15569,236.0,772.0,30.6
,,0.0,0.0,0.0,0.0,0.0,0.0
vNpmq6Ok-QQ_seg013,3.0,0.01721,0.02031,0.22714,330.0,758.0,43.5
vNpmq6Ok-QQ_seg014,3.0,0.00675,0.00528,0.20402,301.0,784.0,38.4
,,0.0,0.0,0.0,0.0,0.0,0.0
vNpmq6Ok-QQ_seg016,3.0,0.00281,0.00763,0.21065,587.0,784.0,74.9
vNpmq6Ok-QQ_seg017,4.0,0.00078,0.00066,0.12658,102.0,1072.0,9.5
vNpmq6Ok-QQ_seg018,4.0,0.00581,0.00615,0.15455,385.0,798.0,48.2
vNpmq6Ok-QQ_seg019,4.0,0.00323,0.00585,0.18743,322.0,762.0,42.3
vNpmq6Ok-QQ_seg020,3.0,0.00846,0.01287,0.21769,526.0,762.0,69.0
vNpmq6Ok-QQ_seg021,3.0,0.01778,0.00091,0.12562,235.0,782.0,30.1
vNpmq6Ok-QQ_seg022,3.0,0.00931,0.02049,0.10204,160.0,810.0,19.8
,,0.0,0.0,0.0,0.0,0.0,0.0
WyprXhvGVYk_seg001,3.0,0.02009,0.03034,0.24591,438.0,746.0,58.7
WyprXhvGVYk_seg002,2.0,0.00862,0.02131,0.1565,438.0,735.0,59.6
WyprXhvGVYk_seg003,3.0,0.01851,0.02825,0.16026,194.0,788.0,24.6
WyprXhvGVYk_seg004,3.0,0.01344,0.01061,0.18353,390.0,777.0,50.2
,,0.0,0.0,0.0,0.0,0.0,0.0
WyprXhvGVYk_seg006,3.0,0.01575,0.01482,0.24176,535.0,729.0,73.4
WyprXhvGVYk_seg007,2.0,0.03746,0.03701,0.1199,112.0,728.0,15.4
WyprXhvGVYk_seg008,1.0,0.02139,0.04387,0.20801,381.0,760.0,50.1
,,0.0,0.0,0.0,0.0,0.0,0.0
WyprXhvGVYk_seg010,2.0,0.02251,0.02295,0.26907,343.0,790.0,43.4
,,0.0,0.0,0.0,0.0,0.0,0.0
,,0.0,0.0,0.0,0.0,0.0,0.0
WyprXhvGVYk_seg013,3.0,0.02598,0.01058,0.17134,503.0,722.0,69.7
WyprXhvGVYk_seg014,1.0,0.01517,0.01333,0.29622,444.0,741.0,59.9
WyprXhvGVYk_seg015,2.0,0.01241,0.01486,0.32502,426.0,777.0,54.8
WyprXhvGVYk_seg016,2.0,0.03026,0.04315,0.22065,419.0,722.0,58.0
,,0.0,0.0,0.0,0.0,0.0,0.0
WyprXhvGVYk_seg018,2.0,0.01768,0.04013,0.25808,327.0,765.0,42.7
WyprXhvGVYk_seg019,3.0,0.03089,0.03728,0.25908,358.0,760.0,47.1
XZBZ5aBEUrs_seg000,4.0,0.02012,0.02011,0.26815,361.0,755.0,47.8
XZBZ5aBEUrs_seg001,4.0,0.01863,0.04349,0.35995,469.0,772.0,60.8
XZBZ5aBEUrs_seg002,3.0,0.02309,0.02457,0.23983,390.0,784.0,49.7
XZBZ5aBEUrs_seg003,4.0,0.00305,0.00646,0.33302,579.0,757.0,76.5
XZBZ5aBEUrs_seg004,3.0,0.01605,0.00981,0.14029,615.0,785.0,78.3
XZBZ5aBEUrs_seg005,4.0,0.01629,0.01218,0.24611,661.0,969.0,68.2
XZBZ5aBEUrs_seg006,3.0,0.01753,0.01446,0.2671,689.0,757.0,91.0
XZBZ5aBEUrs_seg007,3.0,0.01878,0.0341,0.25785,574.0,756.0,75.9
XZBZ5aBEUrs_seg008,4.0,0.02112,0.02079,0.24933,593.0,731.0,81.1
XZBZ5aBEUrs_seg009,3.0,0.0124,0.00759,0.25285,639.0,799.0,80.0
XZBZ5aBEUrs_seg010,4.0,0.02,0.0178,0.23876,694.0,907.0,76.5
XZBZ5aBEUrs_seg011,4.0,0.02027,0.01752,0.18816,459.0,731.0,62.8
XZBZ5aBEUrs_seg012,4.0,0.01779,0.01473,0.31194,350.0,764.0,45.8
XZBZ5aBEUrs_seg013,3.0,0.00518,0.00427,0.29896,501.0,733.0,68.3
XZBZ5aBEUrs_seg014,4.0,0.02794,0.01931,0.21905,469.0,754.0,62.2
XZBZ5aBEUrs_seg015,3.0,0.0147,0.01655,0.22407,685.0,792.0,86.5
XZBZ5aBEUrs_seg016,4.0,0.01467,0.01082,0.26015,631.0,754.0,83.7
XZBZ5aBEUrs_seg017,3.0,0.03484,0.03102,0.31503,290.0,774.0,37.5
XZBZ5aBEUrs_seg018,4.0,0.02126,0.01854,0.21976,645.0,765.0,84.3
XZBZ5aBEUrs_seg019,4.0,0.01341,0.01051,0.3102,476.0,838.0,56.8
XZBZ5aBEUrs_seg020,3.0,0.00859,0.00985,0.33696,399.0,760.0,52.5
XZBZ5aBEUrs_seg021,3.0,0.007,0.00921,0.29208,559.0,755.0,74.0
XZBZ5aBEUrs_seg022,3.0,0.01473,0.01357,0.20439,659.0,809.0,81.5
