segment_name,confidence_assessment,pydub_avg_loudness_dBFS,pydub_silence_%,librosa_avg_RMS,librosa_silence_%,librosa_avg_pitch_Hz,WebRTC_VAD_speech_%,WebRTC_VAD_silence_%,parselmouth_mean_pitch_Hz,parselmouth_jitter,parselmouth_shimmer
8Dv2Hdf5TRg_seg000,4.0,-28.62,28.43,0.06949999928474426,17.2,1636.2099609375,81.43,18.57,221.38,0.0256,0.1125
8Dv2Hdf5TRg_seg001,4.0,-27.74,24.44,0.07900000363588333,21.63,1552.56005859375,80.63,19.37,217.52,0.0257,0.1084
8Dv2Hdf5TRg_seg002,3.0,-26.05,18.63,0.08299999684095383,14.81,1551.6600341796875,86.09,13.91,214.47,0.0254,0.1136
8Dv2Hdf5TRg_seg003,3.0,-26.63,23.49,0.08340000361204147,17.71,1546.699951171875,81.7,18.3,217.81,0.0263,0.1092
8Dv2Hdf5TRg_seg004,3.0,-25.87,19.54,0.08030000329017639,11.9,1533.7099609375,82.07,17.93,227.92,0.0266,0.1134
8Dv2Hdf5TRg_seg005,3.0,-25.75,17.7,0.08299999684095383,12.94,1574.239990234375,86.22,13.78,219.47,0.0271,0.1151
8Dv2Hdf5TRg_seg006,4.0,-28.05,24.68,0.07450000196695328,19.86,1589.5999755859375,80.41,19.59,223.76,0.0297,0.1174
8Dv2Hdf5TRg_seg007,4.0,-28.75,27.36,0.07320000231266022,21.67,1564.0699462890625,79.92,20.08,212.48,0.0268,0.1091
8Dv2Hdf5TRg_seg008,4.0,-27.84,25.99,0.07999999821186066,21.64,1562.9200439453125,80.5,19.5,213.18,0.0246,0.1104
8Dv2Hdf5TRg_seg009,4.0,-26.31,23.26,0.08370000123977661,14.55,1593.4000244140625,84.83,15.17,232.94,0.0258,0.1054
8Dv2Hdf5TRg_seg010,4.0,-25.99,18.75,0.08320000022649765,14.51,1499.8399658203125,85.46,14.54,225.2,0.0271,0.1086
8Dv2Hdf5TRg_seg011,3.0,-26.41,20.51,0.0812000036239624,15.57,1563.1400146484375,84.6,15.4,221.61,0.028,0.1119
8Dv2Hdf5TRg_seg012,2.0,-26.35,19.93,0.08229999989271164,15.92,1572.06005859375,85.95,14.05,206.03,0.0254,0.1083
8Dv2Hdf5TRg_seg013,3.0,-26.96,21.81,0.08049999922513962,17.4,1570.81005859375,83.22,16.78,222.52,0.0289,0.1098
8Dv2Hdf5TRg_seg014,3.0,-26.52,19.17,0.07750000059604645,16.07,1552.9100341796875,84.93,15.07,217.17,0.0314,0.1213
8Dv2Hdf5TRg_seg015,3.0,-26.67,21.14,0.07959999889135361,16.29,1533.699951171875,84.72,15.28,209.13,0.0293,0.1139
8Dv2Hdf5TRg_seg016,2.0,-28.6,26.97,0.07209999859333038,21.18,1540.3599853515625,81.09,18.91,206.63,0.0295,0.1164
8Dv2Hdf5TRg_seg017,3.0,-26.96,22.33,0.07810000330209732,18.54,1574.760009765625,83.4,16.6,209.57,0.0279,0.1159
8Dv2Hdf5TRg_seg018,4.0,-27.31,22.6,0.07779999822378159,16.37,1591.75,83.35,16.65,220.65,0.0249,0.1115
8Dv2Hdf5TRg_seg019,3.0,-24.72,16.67,0.08889999985694885,11.36,1534.0999755859375,88.7,11.3,223.08,0.0264,0.1137
8Dv2Hdf5TRg_seg020,4.0,-27.28,24.01,0.07999999821186066,19.59,1558.800048828125,81.93,18.07,210.3,0.0268,0.1117
8XQ1onjXJK0_seg000,4.0,-35.15,41.32,0.043299999088048935,29.5,1902.27001953125,81.21,18.79,172.16,0.0205,0.1015
8XQ1onjXJK0_seg001,4.0,-33.61,35.98,0.05000000074505806,27.94,1873.93994140625,80.38,19.62,166.53,0.0209,0.1048
8XQ1onjXJK0_seg002,4.0,-31.99,29.69,0.056699998676776886,24.75,1858.800048828125,83.08,16.92,159.78,0.0211,0.0969
8XQ1onjXJK0_seg003,3.0,-35.35,41.46,0.04820000007748604,33.65,1837.52001953125,78.02,21.98,155.98,0.0219,0.0997
8XQ1onjXJK0_seg004,2.0,-32.14,34.53,0.050599999725818634,21.14,1849.1500244140625,88.17,11.83,160.95,0.0209,0.1012
8XQ1onjXJK0_seg005,3.0,-29.98,24.29,0.0560000017285347,17.0,1858.5699462890625,91.07,8.93,161.49,0.018,0.1014
8XQ1onjXJK0_seg006,2.0,-36.47,41.01,0.04439999908208847,34.4,1866.6199951171875,74.5,25.5,160.51,0.022,0.1038
8XQ1onjXJK0_seg007,2.0,-31.37,31.55,0.05290000140666962,22.59,1786.47998046875,85.47,14.53,156.03,0.0191,0.0968
8XQ1onjXJK0_seg008,2.0,-31.0,29.7,0.054999999701976776,21.02,1834.010009765625,83.44,16.56,163.39,0.0181,0.0943
8XQ1onjXJK0_seg009,1.0,-33.67,35.61,0.054099999368190765,29.4,1902.1600341796875,80.89,19.11,167.03,0.0252,0.1077
8XQ1onjXJK0_seg010,2.0,-31.76,33.01,0.0568000003695488,23.71,1788.8599853515625,83.41,16.59,163.91,0.0206,0.1017
8XQ1onjXJK0_seg011,2.0,-29.33,22.98,0.061400000005960464,17.68,1890.9100341796875,88.04,11.96,149.9,0.02,0.1014
8XQ1onjXJK0_seg012,1.0,-33.76,37.54,0.051899999380111694,29.01,1803.0400390625,81.54,18.46,154.77,0.0245,0.1144
8XQ1onjXJK0_seg013,3.0,-29.77,27.39,0.05389999970793724,14.87,1904.739990234375,89.67,10.33,164.26,0.0196,0.1029
8XQ1onjXJK0_seg014,2.0,-30.29,26.07,0.05700000002980232,19.59,1853.4599609375,86.32,13.68,156.64,0.0234,0.1058
8XQ1onjXJK0_seg015,1.0,-31.02,30.5,0.0608999989926815,23.02,1830.260009765625,87.61,12.39,165.29,0.0217,0.1039
8XQ1onjXJK0_seg016,2.0,-32.14,32.91,0.05559999868273735,23.92,1866.6800537109375,85.78,14.22,163.53,0.02,0.0971
8XQ1onjXJK0_seg017,2.0,-31.97,29.57,0.05660000070929527,24.26,1914.75,83.62,16.38,162.9,0.0199,0.0927
8XQ1onjXJK0_seg018,3.0,-27.98,19.69,0.06589999794960022,13.58,1920.4000244140625,91.36,8.64,159.43,0.0196,0.1025
8XQ1onjXJK0_seg019,3.0,-29.0,22.55,0.062300000339746475,16.86,1848.5,89.6,10.4,165.97,0.0206,0.0963
8XQ1onjXJK0_seg020,2.0,-31.25,28.53,0.05689999833703041,22.11,1844.68994140625,87.01,12.99,162.97,0.0206,0.1016
8XQ1onjXJK0_seg021,2.0,-30.83,27.87,0.055399999022483826,20.82,1853.8900146484375,88.19,11.81,157.29,0.0198,0.1022
8XQ1onjXJK0_seg022,3.0,-28.41,22.58,0.06199999898672104,14.92,1882.93994140625,93.22,6.78,161.98,0.02,0.101
8XQ1onjXJK0_seg023,2.0,-30.73,26.23,0.05979999899864197,21.77,1895.969970703125,85.53,14.47,162.6,0.0195,0.0937
8XQ1onjXJK0_seg024,3.0,-29.54,27.81,0.06030000001192093,17.83,1857.2900390625,90.05,9.95,162.99,0.0225,0.0993
8XQ1onjXJK0_seg025,3.0,-28.46,19.47,0.0640999972820282,15.18,1905.199951171875,88.6,11.4,158.86,0.0218,0.1058
8XQ1onjXJK0_seg026,4.0,-29.92,24.01,0.056699998676776886,16.42,1875.3399658203125,90.41,9.59,152.56,0.0212,0.1029
8XQ1onjXJK0_seg027,4.0,-29.87,22.8,0.05790000036358833,18.39,1906.93994140625,87.47,12.53,165.1,0.0224,0.097
8XQ1onjXJK0_seg028,4.0,-33.13,34.06,0.051100000739097595,24.51,1802.8599853515625,83.55,16.45,159.22,0.0191,0.1
8XQ1onjXJK0_seg029,3.0,-37.5,41.9,0.0414000004529953,36.58,1786.050048828125,70.9,29.1,147.44,0.0235,0.1011
8XQ1onjXJK0_seg030,2.0,-26.94,16.93,0.06800000369548798,11.75,1916.97998046875,93.49,6.51,158.74,0.0208,0.1045
8XQ1onjXJK0_seg031,3.0,-39.17,48.84,0.03700000047683716,41.34,1820.02001953125,70.13,29.87,150.9,0.0221,0.0965
8XQ1onjXJK0_seg032,3.0,-32.23,29.14,0.041600000113248825,17.45,1887.18994140625,84.26,15.74,148.33,0.0209,0.1158
BFZtNN6eNvQ_seg001,4.0,-28.33,19.55,0.07660000026226044,17.67,1670.1400146484375,92.0,8.0,259.29,0.0191,0.0759
BFZtNN6eNvQ_seg002,3.0,-30.11,27.68,0.07689999788999557,24.76,1693.9300537109375,89.28,10.72,269.15,0.0198,0.0729
BFZtNN6eNvQ_seg003,3.0,-30.61,27.92,0.07689999788999557,24.2,1688.52001953125,87.43,12.57,250.34,0.0204,0.0794
BFZtNN6eNvQ_seg004,2.0,-31.97,26.21,0.0689999982714653,25.36,1723.6600341796875,85.89,14.11,263.28,0.02,0.0779
BFZtNN6eNvQ_seg005,3.0,-31.32,25.97,0.0697999969124794,25.84,1676.0400390625,87.99,12.01,256.9,0.0211,0.0847
BFZtNN6eNvQ_seg006,3.0,-30.06,26.3,0.07090000063180923,24.35,1722.8399658203125,92.11,7.89,256.86,0.0214,0.0757
BFZtNN6eNvQ_seg007,3.0,-33.21,28.2,0.061500001698732376,26.51,1536.489990234375,83.93,16.07,227.59,0.0238,0.08
BFZtNN6eNvQ_seg008,2.0,-29.08,23.3,0.07970000058412552,21.07,1614.530029296875,89.35,10.65,254.57,0.018,0.0752
BFZtNN6eNvQ_seg009,3.0,-27.24,20.23,0.08110000193119049,18.79,1719.699951171875,93.66,6.34,251.17,0.021,0.0771
BFZtNN6eNvQ_seg010,4.0,-33.31,32.28,0.06790000200271606,28.42,1684.4100341796875,85.35,14.65,249.96,0.0193,0.0766
BFZtNN6eNvQ_seg011,2.0,-31.59,27.7,0.06889999657869339,25.41,1645.43994140625,87.75,12.25,248.5,0.021,0.0814
BFZtNN6eNvQ_seg012,3.0,-29.58,22.64,0.07180000096559525,19.28,1618.050048828125,91.33,8.67,239.61,0.0182,0.0724
BFZtNN6eNvQ_seg013,2.0,-31.04,24.56,0.06679999828338623,22.32,1654.8199462890625,88.01,11.99,233.69,0.0212,0.0824
BFZtNN6eNvQ_seg014,3.0,-33.58,30.59,0.06239999830722809,29.04,1589.6400146484375,82.17,17.83,244.94,0.0249,0.0894
BFZtNN6eNvQ_seg015,3.0,-32.33,29.14,0.06629999727010727,26.21,1643.0,85.21,14.79,244.88,0.0196,0.0709
BFZtNN6eNvQ_seg016,3.0,-31.23,23.5,0.06040000170469284,22.04,1676.27001953125,90.79,9.21,222.65,0.0234,0.084
Cd0JH1AreDw_seg000,4.0,-35.41,33.02,0.034699998795986176,27.46,1748.9100341796875,85.4,14.6,180.1,0.0208,0.0928
Cd0JH1AreDw_seg001,4.0,-36.85,37.14,0.0333000011742115,30.49,1718.699951171875,77.86,22.14,163.17,0.0227,0.0982
Cd0JH1AreDw_seg002,3.0,-36.55,38.14,0.04050000011920929,32.36,1773.550048828125,81.87,18.13,173.94,0.0226,0.0993
Cd0JH1AreDw_seg003,4.0,-39.29,46.28,0.03680000081658363,40.92,1650.56005859375,69.0,31.0,164.37,0.0237,0.1015
Cd0JH1AreDw_seg004,4.0,-35.83,38.44,0.04439999908208847,31.81,1648.260009765625,78.05,21.95,172.17,0.0226,0.0993
Cd0JH1AreDw_seg005,3.0,-35.91,38.49,0.041200000792741776,32.45,1650.43994140625,81.82,18.18,177.66,0.0237,0.1004
Cd0JH1AreDw_seg006,3.0,-41.64,50.97,0.030400000512599945,43.41,1720.25,68.36,31.64,151.67,0.0247,0.0983
Cd0JH1AreDw_seg007,3.0,-41.06,50.0,0.02879999950528145,40.75,1713.050048828125,71.15,28.85,151.93,0.0263,0.1042
Cd0JH1AreDw_seg008,4.0,-36.54,38.98,0.04470000043511391,33.4,1655.6199951171875,79.25,20.75,171.41,0.0226,0.1007
Cd0JH1AreDw_seg009,4.0,-34.42,33.65,0.05380000174045563,30.32,1678.9000244140625,78.06,21.94,178.57,0.0225,0.1006
Cd0JH1AreDw_seg010,3.0,-36.51,36.39,0.03869999945163727,30.44,1679.030029296875,76.91,23.09,164.16,0.0234,0.1067
Cd0JH1AreDw_seg011,2.0,-41.27,50.32,0.034299999475479126,41.63,1756.6300048828125,71.0,29.0,165.08,0.0271,0.106
Cd0JH1AreDw_seg012,3.0,-38.7,42.76,0.03460000082850456,36.36,1678.010009765625,75.17,24.83,166.69,0.0232,0.1049
Cd0JH1AreDw_seg013,3.0,-36.44,38.71,0.041600000113248825,32.98,1660.050048828125,76.92,23.08,171.11,0.0229,0.1029
Cd0JH1AreDw_seg014,3.0,-37.83,40.58,0.04010000079870224,35.63,1662.489990234375,74.9,25.1,159.76,0.0231,0.096
Cd0JH1AreDw_seg015,4.0,-41.0,51.12,0.033799998462200165,42.31,1766.739990234375,71.66,28.34,165.7,0.0239,0.0968
Cd0JH1AreDw_seg016,3.0,-37.32,40.24,0.041200000792741776,33.23,1678.1500244140625,76.26,23.74,164.81,0.0253,0.0976
Cd0JH1AreDw_seg017,2.0,-34.69,34.92,0.04740000143647194,30.42,1700.43994140625,78.91,21.09,168.12,0.0219,0.0989
Cd0JH1AreDw_seg018,3.0,-32.86,31.13,0.051500000059604645,24.95,1696.7099609375,83.92,16.08,172.82,0.0233,0.097
Cd0JH1AreDw_seg019,3.0,-38.24,45.28,0.03629999980330467,36.1,1730.3800048828125,75.12,24.88,161.42,0.0248,0.0986
Cd0JH1AreDw_seg020,3.0,-38.5,41.31,0.03909999877214432,35.57,1740.27001953125,73.79,26.21,168.71,0.0237,0.0992
Cd0JH1AreDw_seg021,2.0,-38.25,40.68,0.035100001841783524,33.63,1713.6700439453125,76.21,23.79,172.26,0.0231,0.1014
Cd0JH1AreDw_seg022,2.0,-35.91,37.07,0.047200001776218414,32.12,1705.010009765625,77.23,22.77,178.44,0.0232,0.098
Cd0JH1AreDw_seg023,2.0,-33.72,29.19,0.04879999905824661,25.51,1686.1300048828125,81.9,18.1,176.66,0.0224,0.1017
Cd0JH1AreDw_seg024,3.0,-36.37,37.06,0.04390000179409981,31.46,1655.6199951171875,77.81,22.19,165.7,0.0244,0.098
Cd0JH1AreDw_seg025,3.0,-35.36,36.5,0.04309999942779541,29.59,1774.739990234375,79.61,20.39,181.45,0.0209,0.0919
Cd0JH1AreDw_seg026,4.0,-36.39,36.59,0.04149999842047691,31.06,1778.949951171875,76.52,23.48,169.58,0.0232,0.0953
Cd0JH1AreDw_seg027,3.0,-37.38,39.23,0.039500001817941666,32.61,1739.6300048828125,74.35,25.65,156.85,0.0264,0.1012
Cd0JH1AreDw_seg028,3.0,-44.44,56.48,0.025100000202655792,47.57,1747.43994140625,60.22,39.78,152.12,0.0248,0.1093
Cd0JH1AreDw_seg029,3.0,-37.28,36.88,0.03539999946951866,32.97,1693.719970703125,78.38,21.62,160.25,0.0279,0.1133
D9Ihs241zeg_seg000,2.0,-33.48,35.78,0.0364999994635582,23.7,1497.1500244140625,79.39,20.61,162.19,0.027,0.1019
D9Ihs241zeg_seg001,3.0,-34.89,44.83,0.032099999487400055,24.27,1582.81005859375,79.92,20.08,158.58,0.026,0.1091
D9Ihs241zeg_seg002,4.0,-31.27,28.84,0.039799999445676804,12.43,1540.47998046875,88.88,11.12,169.93,0.0266,0.1109
D9Ihs241zeg_seg003,3.0,-31.91,29.01,0.03889999911189079,17.88,1506.22998046875,86.17,13.83,159.92,0.0272,0.1025
D9Ihs241zeg_seg004,3.0,-33.25,35.41,0.037300001829862595,21.66,1504.27001953125,82.19,17.81,163.38,0.0261,0.1081
D9Ihs241zeg_seg005,2.0,-35.05,40.78,0.03359999880194664,30.22,1473.010009765625,76.53,23.47,165.76,0.0252,0.1058
D9Ihs241zeg_seg006,2.0,-32.96,35.18,0.03840000182390213,21.44,1530.739990234375,83.84,16.16,178.07,0.0249,0.104
D9Ihs241zeg_seg007,3.0,-34.38,38.02,0.034299999475479126,25.33,1502.1700439453125,78.72,21.28,167.01,0.0247,0.1058
D9Ihs241zeg_seg008,4.0,-33.0,33.77,0.03720000013709068,19.68,1604.3199462890625,84.38,15.62,179.07,0.0263,0.0993
D9Ihs241zeg_seg009,3.0,-30.6,22.37,0.04230000078678131,14.47,1461.68994140625,88.03,11.97,172.29,0.0259,0.1063
D9Ihs241zeg_seg010,4.0,-30.94,29.28,0.04230000078678131,12.62,1502.0999755859375,90.08,9.92,174.04,0.0225,0.1018
D9Ihs241zeg_seg011,3.0,-33.06,36.93,0.038600001484155655,21.83,1578.1199951171875,82.83,17.17,166.36,0.0241,0.1025
D9Ihs241zeg_seg012,3.0,-32.28,31.7,0.03849999979138374,18.11,1542.25,86.26,13.74,171.09,0.0265,0.1033
D9Ihs241zeg_seg013,3.0,-33.0,35.88,0.035599999129772186,18.13,1551.719970703125,86.34,13.66,173.79,0.0267,0.1081
D9Ihs241zeg_seg014,2.0,-34.81,40.26,0.032600000500679016,25.48,1499.1300048828125,82.45,17.55,173.15,0.0262,0.0998
D9Ihs241zeg_seg015,2.0,-32.87,32.69,0.03779999911785126,22.27,1457.3299560546875,84.13,15.87,160.14,0.0244,0.0999
D9Ihs241zeg_seg016,3.0,-34.47,37.58,0.03310000151395798,25.43,1456.719970703125,80.67,19.33,168.91,0.0254,0.0999
D9Ihs241zeg_seg017,3.0,-35.06,41.67,0.03200000151991844,28.19,1462.719970703125,76.97,23.03,163.19,0.0246,0.093
D9Ihs241zeg_seg018,3.0,-32.92,35.92,0.035999998450279236,19.24,1536.3699951171875,86.2,13.8,172.97,0.026,0.1049
D9Ihs241zeg_seg019,4.0,-30.16,25.0,0.04439999908208847,12.12,1697.3599853515625,88.88,11.12,182.26,0.0254,0.1112
D9Ihs241zeg_seg020,4.0,-30.6,23.92,0.04019999876618385,11.49,1462.81005859375,93.0,7.0,174.7,0.0268,0.1081
D9Ihs241zeg_seg021,3.0,-32.25,32.38,0.03620000183582306,13.55,1571.989990234375,88.36,11.64,170.78,0.0257,0.1089
D9Ihs241zeg_seg022,4.0,-34.36,37.06,0.03290000185370445,23.54,1504.199951171875,82.21,17.79,169.67,0.0267,0.0996
D9Ihs241zeg_seg023,3.0,-33.68,37.7,0.03359999880194664,20.57,1538.780029296875,85.0,15.0,169.12,0.0261,0.101
D9Ihs241zeg_seg024,4.0,-33.14,32.81,0.03400000184774399,19.01,1451.52001953125,87.31,12.69,169.53,0.0305,0.111
D9Ihs241zeg_seg025,3.0,-31.2,29.37,0.040800001472234726,13.32,1492.72998046875,89.29,10.71,173.78,0.0249,0.1013
D9Ihs241zeg_seg026,4.0,-30.88,25.16,0.03999999910593033,13.33,1560.4200439453125,91.17,8.83,180.27,0.0285,0.1099
D9Ihs241zeg_seg027,3.0,-32.08,29.13,0.03669999912381172,17.11,1550.0699462890625,87.93,12.07,179.39,0.0241,0.1097
D9Ihs241zeg_seg028,3.0,-30.51,24.29,0.0421999990940094,13.44,1452.9300537109375,89.46,10.54,172.66,0.0239,0.0986
D9Ihs241zeg_seg029,3.0,-30.76,24.76,0.04050000011920929,11.51,1551.1700439453125,88.79,11.21,178.75,0.025,0.1053
D9Ihs241zeg_seg030,3.0,-32.25,29.65,0.03700000047683716,17.48,1547.719970703125,86.61,13.39,163.55,0.024,0.1018
D9Ihs241zeg_seg031,4.0,-33.18,33.33,0.036400001496076584,21.27,1469.4100341796875,83.35,16.65,172.71,0.0267,0.0966
eZj5n8ScTkI_seg000,3.0,-34.34,34.88,0.043699998408555984,26.61,1615.1400146484375,81.02,18.98,192.27,0.0226,0.1122
eZj5n8ScTkI_seg001,3.0,-33.51,30.99,0.04399999976158142,22.83,1630.9300537109375,86.15,13.85,188.82,0.0221,0.1048
eZj5n8ScTkI_seg002,2.0,-34.02,34.42,0.04050000011920929,22.67,1621.0,85.16,14.84,189.17,0.0223,0.1122
eZj5n8ScTkI_seg003,3.0,-30.49,23.42,0.05090000107884407,17.28,1587.0799560546875,90.87,9.13,194.08,0.0219,0.1137
eZj5n8ScTkI_seg004,4.0,-33.86,31.35,0.04610000178217888,26.13,1606.0799560546875,82.56,17.44,195.26,0.0191,0.1019
eZj5n8ScTkI_seg005,3.0,-34.38,32.62,0.04610000178217888,25.86,1589.56005859375,81.11,18.89,211.54,0.0236,0.1143
eZj5n8ScTkI_seg006,3.0,-30.65,24.92,0.05249999836087227,17.98,1628.4100341796875,90.83,9.17,236.3,0.0231,0.1055
eZj5n8ScTkI_seg008,2.0,-32.77,31.63,0.051600001752376556,23.5,1595.0699462890625,83.56,16.44,208.16,0.0233,0.1113
eZj5n8ScTkI_seg009,3.0,-31.36,25.91,0.050999999046325684,19.83,1583.5,86.24,13.76,214.54,0.0244,0.1059
eZj5n8ScTkI_seg010,3.0,-30.66,25.0,0.05779999867081642,19.66,1591.25,86.81,13.19,210.0,0.0219,0.1074
eZj5n8ScTkI_seg012,2.0,-31.99,27.78,0.054499998688697815,21.87,1623.56005859375,84.15,15.85,213.8,0.0235,0.1016
eZj5n8ScTkI_seg013,3.0,-30.11,25.41,0.05959999933838844,19.11,1592.2099609375,89.68,10.32,217.61,0.0227,0.1067
eZj5n8ScTkI_seg014,3.0,-32.53,30.28,0.05090000107884407,22.2,1601.1600341796875,85.7,14.3,202.62,0.0231,0.1035
eZj5n8ScTkI_seg015,3.0,-34.23,32.81,0.04569999873638153,27.76,1628.780029296875,81.39,18.61,205.45,0.0229,0.102
eZj5n8ScTkI_seg016,2.0,-32.53,31.29,0.05169999971985817,23.15,1574.719970703125,83.9,16.1,215.54,0.0235,0.1048
eZj5n8ScTkI_seg017,3.0,-31.93,30.1,0.055399999022483826,22.36,1609.1400146484375,83.09,16.91,210.92,0.0224,0.1105
eZj5n8ScTkI_seg018,2.0,-30.08,25.78,0.056299999356269836,17.56,1613.219970703125,90.38,9.62,209.22,0.0219,0.1087
eZj5n8ScTkI_seg022,3.0,-29.46,23.1,0.05689999833703041,14.89,1630.7900390625,91.83,8.17,206.74,0.0211,0.1016
eZj5n8ScTkI_seg023,3.0,-30.79,26.38,0.05770000070333481,19.74,1578.9300537109375,87.56,12.44,203.93,0.022,0.0952
eZj5n8ScTkI_seg024,4.0,-30.05,23.97,0.0658000037074089,20.17,1581.8599853515625,86.16,13.84,212.28,0.0228,0.1013
eZj5n8ScTkI_seg025,3.0,-28.26,22.44,0.0640999972820282,13.41,1625.989990234375,93.84,6.16,229.18,0.024,0.1071
eZj5n8ScTkI_seg026,3.0,-30.06,23.85,0.06390000134706497,18.08,1586.719970703125,86.38,13.62,229.98,0.0238,0.1053
eZj5n8ScTkI_seg027,3.0,-28.81,21.47,0.06419999897480011,15.42,1563.280029296875,89.58,10.42,229.38,0.0213,0.103
eZj5n8ScTkI_seg028,2.0,-30.81,26.9,0.06120000034570694,21.8,1544.5,85.82,14.18,199.5,0.022,0.1045
eZj5n8ScTkI_seg029,3.0,-33.56,33.64,0.05299999937415123,27.29,1703.7099609375,80.13,19.87,224.38,0.0227,0.0973
guXxy8LH2QM_seg000,4.0,-30.13,29.91,0.06440000236034393,19.16,1621.239990234375,86.14,13.86,137.09,0.0247,0.1052
guXxy8LH2QM_seg001,3.0,-31.48,28.38,0.06480000168085098,25.95,1551.06005859375,80.57,19.43,132.15,0.0294,0.1163
guXxy8LH2QM_seg002,2.0,-33.59,37.38,0.053300000727176666,30.93,1589.530029296875,80.97,19.03,130.87,0.0249,0.106
guXxy8LH2QM_seg003,3.0,-32.42,30.23,0.061500001698732376,27.54,1643.780029296875,78.55,21.45,133.75,0.0257,0.1084
guXxy8LH2QM_seg004,4.0,-29.76,26.07,0.06809999793767929,22.97,1688.56005859375,86.89,13.11,137.5,0.0229,0.1058
guXxy8LH2QM_seg005,3.0,-29.11,25.58,0.06669999659061432,20.27,1632.9000244140625,88.8,11.2,133.21,0.0265,0.1152
guXxy8LH2QM_seg006,3.0,-31.62,29.26,0.05999999865889549,25.63,1687.1400146484375,81.84,18.16,138.7,0.0275,0.1159
guXxy8LH2QM_seg007,2.0,-31.14,28.75,0.06379999965429306,24.16,1633.510009765625,82.61,17.39,134.13,0.0258,0.1125
guXxy8LH2QM_seg008,3.0,-32.05,33.98,0.05770000070333481,26.73,1644.6400146484375,82.22,17.78,141.11,0.0265,0.1138
guXxy8LH2QM_seg009,3.0,-30.61,26.25,0.06400000303983688,23.67,1617.31005859375,82.55,17.45,132.04,0.023,0.1017
guXxy8LH2QM_seg010,4.0,-33.92,34.74,0.05999999865889549,32.03,1660.8599853515625,74.39,25.61,134.91,0.0246,0.104
hJnEQCMA5Sg_seg002,2.0,-24.33,19.28,0.09160000085830688,7.99,1533.6600341796875,94.99,5.01,183.27,0.0235,0.1126
hJnEQCMA5Sg_seg004,3.0,-28.09,26.9,0.08460000157356262,19.8,1565.3399658203125,84.4,15.6,184.43,0.0243,0.1064
hJnEQCMA5Sg_seg005,3.0,-27.56,26.8,0.08049999922513962,17.56,1587.719970703125,87.25,12.75,193.51,0.026,0.1107
hJnEQCMA5Sg_seg006,2.0,-27.16,24.43,0.08169999718666077,16.78,1640.3900146484375,87.66,12.34,198.65,0.0272,0.1066
hJnEQCMA5Sg_seg007,2.0,-26.92,25.62,0.0828000009059906,15.91,1643.97998046875,88.36,11.64,183.49,0.0249,0.1058
hJnEQCMA5Sg_seg010,3.0,-25.49,23.62,0.09570000320672989,14.69,1565.699951171875,88.48,11.52,197.61,0.0256,0.1078
hJnEQCMA5Sg_seg011,3.0,-28.1,28.16,0.08139999955892563,20.07,1519.7900390625,83.84,16.16,194.73,0.0262,0.105
hJnEQCMA5Sg_seg012,3.0,-25.99,22.47,0.08590000122785568,12.01,1598.25,90.19,9.81,193.53,0.0252,0.1073
hJnEQCMA5Sg_seg013,3.0,-26.41,22.68,0.08420000225305557,15.31,1603.5799560546875,87.7,12.3,178.05,0.0234,0.108
hJnEQCMA5Sg_seg014,3.0,-27.99,28.53,0.07959999889135361,19.01,1613.9100341796875,85.03,14.97,195.23,0.0262,0.1132
hJnEQCMA5Sg_seg016,2.0,-26.78,25.16,0.08500000089406967,16.61,1628.1600341796875,88.17,11.83,170.6,0.0248,0.1081
hJnEQCMA5Sg_seg017,2.0,-25.49,21.54,0.08940000087022781,12.88,1563.760009765625,90.25,9.75,195.44,0.0266,0.1136
hJnEQCMA5Sg_seg019,2.0,-25.78,24.18,0.09229999780654907,14.43,1577.6099853515625,88.61,11.39,201.47,0.0265,0.1194
hJnEQCMA5Sg_seg020,3.0,-26.63,23.59,0.0794999971985817,15.5,1664.8699951171875,88.91,11.09,197.36,0.0264,0.1155
IcaDZK1Njb0_seg000,3.0,-26.82,20.06,0.08699999749660492,15.93,1538.77001953125,90.86,9.14,281.71,0.0194,0.0722
IcaDZK1Njb0_seg001,2.0,-26.21,19.58,0.0892999991774559,14.17,1536.7099609375,89.78,10.22,274.12,0.021,0.0721
IcaDZK1Njb0_seg002,3.0,-25.58,18.08,0.0877000018954277,11.7,1588.5899658203125,93.41,6.59,270.55,0.0221,0.0722
IcaDZK1Njb0_seg003,2.0,-26.43,18.88,0.08739999681711197,12.05,1575.1800537109375,92.1,7.9,288.87,0.021,0.0689
IcaDZK1Njb0_seg004,1.0,-26.66,21.75,0.0868000015616417,14.43,1512.9599609375,90.72,9.28,275.29,0.0209,0.0713
IcaDZK1Njb0_seg005,1.0,-26.52,21.43,0.08569999784231186,12.53,1577.9599609375,93.28,6.72,267.13,0.0211,0.0719
IcaDZK1Njb0_seg006,3.0,-28.32,23.89,0.07769999653100967,17.25,1618.3299560546875,90.14,9.86,278.67,0.0216,0.0716
IcaDZK1Njb0_seg007,2.0,-27.65,21.52,0.08290000259876251,16.29,1543.02001953125,87.83,12.17,271.81,0.0231,0.0752
IcaDZK1Njb0_seg008,3.0,-26.79,21.12,0.07930000126361847,12.23,1526.8399658203125,93.46,6.54,274.88,0.0244,0.0745
IcaDZK1Njb0_seg009,2.0,-26.31,19.61,0.08579999953508377,12.33,1580.760009765625,91.08,8.92,272.07,0.0215,0.071
IcaDZK1Njb0_seg010,2.0,-27.06,21.41,0.08410000056028366,15.32,1497.469970703125,90.45,9.55,260.96,0.0218,0.0754
IcaDZK1Njb0_seg011,1.0,-27.19,22.37,0.07970000058412552,13.76,1589.8199462890625,91.96,8.04,285.32,0.0212,0.0727
IcaDZK1Njb0_seg012,2.0,-28.34,23.83,0.07989999651908875,17.06,1494.81005859375,88.4,11.6,277.8,0.023,0.0784
IcaDZK1Njb0_seg013,2.0,-26.19,21.73,0.08699999749660492,12.49,1578.5799560546875,93.66,6.34,272.5,0.0197,0.0739
IcaDZK1Njb0_seg014,2.0,-24.29,15.56,0.08889999985694885,7.96,1649.5,95.23,4.77,278.72,0.0215,0.0735
IcaDZK1Njb0_seg015,3.0,-26.77,20.9,0.08089999854564667,13.9,1567.0699462890625,90.92,9.08,267.75,0.0219,0.0725
IcaDZK1Njb0_seg016,3.0,-27.1,21.63,0.0812000036239624,13.8,1538.81005859375,91.98,8.02,265.58,0.0196,0.0667
IcaDZK1Njb0_seg018,4.0,-25.32,19.65,0.08820000290870667,10.38,1607.739990234375,94.18,5.82,283.22,0.0225,0.0763
IcaDZK1Njb0_seg019,3.0,-26.09,18.81,0.08320000022649765,13.19,1504.800048828125,91.92,8.08,278.14,0.0228,0.0701
IcaDZK1Njb0_seg020,3.0,-27.92,21.91,0.07660000026226044,14.73,1532.9100341796875,90.29,9.71,265.12,0.023,0.0733
IcaDZK1Njb0_seg021,2.0,-28.24,21.62,0.07769999653100967,16.5,1499.5400390625,89.79,10.21,259.34,0.0215,0.0724
Ie9cACQnqew_seg000,3.0,-31.71,33.84,0.07280000299215317,28.81,1535.22998046875,77.84,22.16,263.12,0.0185,0.0919
Ie9cACQnqew_seg001,3.0,-29.89,27.73,0.07689999788999557,22.89,1499.030029296875,79.66,20.34,250.46,0.0188,0.0961
Ie9cACQnqew_seg003,1.0,-34.4,37.8,0.0632999986410141,31.14,1447.969970703125,73.19,26.81,250.58,0.0193,0.087
Ie9cACQnqew_seg004,2.0,-34.45,37.96,0.06239999830722809,31.72,1471.1800537109375,74.47,25.53,245.85,0.0207,0.0931
Ie9cACQnqew_seg005,3.0,-28.58,24.5,0.07810000330209732,17.71,1393.0999755859375,86.77,13.23,251.95,0.0174,0.0885
Ie9cACQnqew_seg006,2.0,-30.1,29.97,0.07429999858140945,21.08,1479.699951171875,82.87,17.13,250.34,0.0175,0.0878
Ie9cACQnqew_seg007,4.0,-30.61,28.97,0.07169999927282333,23.73,1413.8199462890625,81.27,18.73,242.96,0.0204,0.0992
Ie9cACQnqew_seg008,3.0,-28.66,24.28,0.08009999990463257,18.88,1434.9100341796875,83.42,16.58,258.85,0.0177,0.0851
Ie9cACQnqew_seg009,3.0,-27.58,22.95,0.08160000294446945,17.26,1387.6500244140625,87.1,12.9,249.43,0.0172,0.0838
Ie9cACQnqew_seg010,4.0,-26.21,17.86,0.08340000361204147,12.12,1583.1300048828125,89.28,10.72,239.03,0.0285,0.1021
Ie9cACQnqew_seg011,3.0,-26.18,19.27,0.08510000258684158,14.55,1450.780029296875,91.42,8.58,251.07,0.0176,0.0871
Ie9cACQnqew_seg012,3.0,-31.43,33.88,0.07010000199079514,26.65,1363.0400390625,80.99,19.01,227.16,0.0177,0.0937
Ie9cACQnqew_seg013,3.0,-35.97,42.94,0.05689999833703041,35.19,1385.52001953125,69.86,30.14,225.68,0.0195,0.0962
Ie9cACQnqew_seg014,4.0,-35.1,38.75,0.05829999968409538,33.31,1407.2900390625,72.09,27.91,223.6,0.0197,0.0986
Ie9cACQnqew_seg015,4.0,-29.94,26.36,0.07270000129938126,21.79,1434.3199462890625,82.53,17.47,246.6,0.0192,0.0934
Ie9cACQnqew_seg016,4.0,-32.46,33.05,0.06689999997615814,28.19,1398.030029296875,77.5,22.5,225.68,0.0205,0.0965
Ie9cACQnqew_seg017,3.0,-28.05,24.05,0.07699999958276749,17.96,1396.02001953125,87.46,12.54,241.01,0.0182,0.0834
Ie9cACQnqew_seg018,2.0,-31.59,34.41,0.0706000030040741,26.89,1399.43994140625,78.17,21.83,255.16,0.0189,0.0967
Ie9cACQnqew_seg019,3.0,-27.34,23.21,0.07909999787807465,15.81,1469.1600341796875,89.93,10.07,252.41,0.0178,0.093
Ie9cACQnqew_seg020,3.0,-32.86,33.84,0.06859999895095825,29.59,1434.469970703125,74.63,25.37,239.21,0.0205,0.1007
Ie9cACQnqew_seg021,3.0,-27.56,19.55,0.08209999650716782,17.06,1480.6800537109375,85.65,14.35,243.65,0.0193,0.1021
Ie9cACQnqew_seg022,3.0,-34.79,39.76,0.05779999867081642,32.74,1502.9200439453125,72.64,27.36,240.74,0.0205,0.0951
Ie9cACQnqew_seg023,4.0,-30.27,29.25,0.0706000030040741,22.67,1436.77001953125,83.08,16.92,252.56,0.0181,0.0911
Ie9cACQnqew_seg024,4.0,-31.51,29.38,0.07069999724626541,25.31,1479.949951171875,79.23,20.77,251.7,0.0201,0.0976
Ie9cACQnqew_seg025,3.0,-33.12,34.95,0.06549999862909317,29.77,1327.7900390625,76.21,23.79,220.95,0.0206,0.0956
Ie9cACQnqew_seg026,3.0,-32.59,34.41,0.06689999997615814,28.88,1439.6800537109375,77.96,22.04,228.05,0.0195,0.0917
iG9CE55wbtY_seg000,4.0,-27.96,26.98,0.05920000001788139,5.09,1707.52001953125,80.15,19.85,127.3,0.0281,0.1101
iG9CE55wbtY_seg001,4.0,-26.64,18.98,0.06629999727010727,9.44,1763.2900390625,83.84,16.16,141.95,0.0323,0.1273
iG9CE55wbtY_seg002,3.0,-26.46,23.27,0.06729999929666519,4.13,1680.1600341796875,82.53,17.47,141.27,0.0315,0.1148
iG9CE55wbtY_seg003,3.0,-27.98,27.05,0.06239999830722809,14.4,1724.969970703125,79.11,20.89,144.85,0.0329,0.1052
iG9CE55wbtY_seg004,3.0,-27.53,23.28,0.06260000169277191,11.3,1757.3900146484375,85.59,14.41,141.39,0.0321,0.1127
iG9CE55wbtY_seg005,4.0,-25.14,12.54,0.06939999759197235,2.99,1846.8399658203125,88.12,11.88,135.84,0.0314,0.113
iG9CE55wbtY_seg006,4.0,-26.97,20.77,0.06530000269412994,11.16,1793.0400390625,82.31,17.69,158.58,0.036,0.1253
iG9CE55wbtY_seg007,3.0,-25.62,16.82,0.0689999982714653,2.9,1792.6800537109375,85.66,14.34,137.91,0.0351,0.1178
iG9CE55wbtY_seg008,3.0,-25.26,14.06,0.07029999792575836,5.28,1744.3199462890625,90.34,9.66,159.74,0.0354,0.1327
iG9CE55wbtY_seg009,4.0,-25.75,19.23,0.07199999690055847,6.19,1656.5999755859375,83.8,16.2,150.77,0.0306,0.1041
iG9CE55wbtY_seg010,4.0,-27.91,25.88,0.062199998646974564,11.57,1741.1300048828125,79.77,20.23,135.25,0.0306,0.1064
iG9CE55wbtY_seg011,4.0,-25.69,18.21,0.07429999858140945,8.94,1802.510009765625,86.53,13.47,149.96,0.0342,0.1207
iG9CE55wbtY_seg012,4.0,-24.42,10.49,0.07370000332593918,1.11,1787.9599609375,90.33,9.67,172.71,0.0337,0.1291
iG9CE55wbtY_seg013,3.0,-25.32,15.82,0.07329999655485153,5.49,1772.47998046875,88.06,11.94,128.32,0.0362,0.1268
iG9CE55wbtY_seg014,4.0,-25.13,15.95,0.0746999979019165,6.67,1723.300048828125,87.54,12.46,143.59,0.0312,0.1123
iG9CE55wbtY_seg015,4.0,-28.08,27.54,0.06199999898672104,11.95,1742.010009765625,79.43,20.57,160.75,0.0349,0.1242
iG9CE55wbtY_seg016,4.0,-26.89,21.85,0.06430000066757202,7.7,1745.9200439453125,82.09,17.91,160.65,0.0367,0.129
iG9CE55wbtY_seg017,4.0,-26.12,15.13,0.0681999996304512,7.46,1755.5899658203125,84.75,15.25,186.25,0.033,0.1231
iG9CE55wbtY_seg018,4.0,-24.12,10.54,0.07670000195503235,1.11,1769.4100341796875,89.84,10.16,168.46,0.0333,0.1263
iG9CE55wbtY_seg019,4.0,-26.88,23.55,0.06859999895095825,10.49,1704.25,83.24,16.76,141.34,0.0322,0.112
iG9CE55wbtY_seg020,4.0,-26.39,18.71,0.06549999862909317,10.16,1685.77001953125,86.53,13.47,135.98,0.0373,0.1215
iG9CE55wbtY_seg021,4.0,-25.35,16.72,0.0723000019788742,7.61,1672.0799560546875,87.5,12.5,134.81,0.033,0.1106
iG9CE55wbtY_seg022,4.0,-26.45,18.55,0.06520000100135803,8.44,1708.5,84.51,15.49,135.37,0.0354,0.1281
iG9CE55wbtY_seg023,4.0,-29.1,31.69,0.05869999900460243,15.79,1693.3499755859375,78.95,21.05,138.06,0.0333,0.1265
iG9CE55wbtY_seg024,3.0,-23.4,6.54,0.07810000330209732,1.3,1833.719970703125,95.14,4.86,162.97,0.0326,0.1153
iG9CE55wbtY_seg025,4.0,-23.7,8.95,0.07959999889135361,2.67,1760.6300048828125,91.56,8.44,146.93,0.0335,0.1194
iG9CE55wbtY_seg026,4.0,-26.85,21.73,0.06539999693632126,9.59,1686.43994140625,83.75,16.25,143.75,0.0336,0.1157
iG9CE55wbtY_seg027,4.0,-25.5,13.44,0.06620000302791595,1.79,1731.3499755859375,88.88,11.12,133.24,0.0317,0.1202
iG9CE55wbtY_seg028,3.0,-28.19,24.68,0.06080000102519989,15.21,1609.030029296875,79.46,20.54,131.04,0.0363,0.1149
iG9CE55wbtY_seg029,4.0,-30.35,33.55,0.05130000039935112,19.24,1662.8299560546875,77.57,22.43,137.72,0.0364,0.1184
iG9CE55wbtY_seg030,4.0,-24.65,13.62,0.07590000331401825,4.64,1841.010009765625,89.8,10.2,128.15,0.0343,0.1187
iG9CE55wbtY_seg031,4.0,-27.23,21.9,0.06310000270605087,12.3,1723.1700439453125,84.79,15.21,138.88,0.0314,0.1052
iG9CE55wbtY_seg032,4.0,-28.81,29.62,0.05939999967813492,13.92,1735.5999755859375,74.45,25.55,134.62,0.033,0.1019
jMVAgCPYYHY_seg000,3.0,-32.76,43.44,0.06800000369548798,34.03,1747.5699462890625,71.54,28.46,181.73,0.0267,0.1049
jMVAgCPYYHY_seg001,2.0,-29.85,33.53,0.07649999856948853,25.65,1779.8199462890625,79.68,20.32,181.22,0.0254,0.1108
jMVAgCPYYHY_seg002,2.0,-27.86,27.51,0.08420000225305557,20.31,1692.1099853515625,83.54,16.46,173.08,0.0276,0.1099
jMVAgCPYYHY_seg003,1.0,-28.89,28.38,0.07840000092983246,21.46,1668.0799560546875,80.77,19.23,166.96,0.0274,0.1151
jMVAgCPYYHY_seg006,2.0,-29.25,31.89,0.07479999959468842,22.4,1777.8699951171875,81.94,18.06,169.24,0.0294,0.1231
jMVAgCPYYHY_seg007,2.0,-29.1,32.45,0.08229999989271164,24.87,1645.4300537109375,78.91,21.09,195.62,0.029,0.116
jMVAgCPYYHY_seg008,1.0,-32.06,37.9,0.06790000200271606,30.67,1790.8800048828125,73.8,26.2,172.36,0.0299,0.1193
jMVAgCPYYHY_seg009,2.0,-26.38,24.67,0.09030000120401382,16.04,1650.8699951171875,85.78,14.22,185.87,0.0272,0.1143
jMVAgCPYYHY_seg010,3.0,-30.23,34.5,0.07460000365972519,26.42,1656.7099609375,78.12,21.88,192.08,0.0297,0.1033
jMVAgCPYYHY_seg011,2.0,-31.3,36.76,0.07190000265836716,29.81,1724.81005859375,75.49,24.51,179.87,0.0334,0.1139
jMVAgCPYYHY_seg014,2.0,-28.88,28.43,0.08089999854564667,22.44,1704.4599609375,79.59,20.41,181.72,0.0267,0.1114
jMVAgCPYYHY_seg015,2.0,-34.33,43.29,0.06129999831318855,39.53,1719.52001953125,66.7,33.3,166.93,0.0311,0.117
jMVAgCPYYHY_seg016,2.0,-29.91,30.26,0.07119999825954437,23.55,1611.530029296875,80.79,19.21,152.47,0.0276,0.1244
jQ95xlZeHo8_seg000,3.0,-33.88,35.76,0.03889999911189079,20.84,1492.949951171875,86.16,13.84,234.07,0.0169,0.0772
jQ95xlZeHo8_seg001,3.0,-34.37,34.72,0.038100000470876694,25.15,1528.9000244140625,83.48,16.52,235.2,0.0196,0.0793
jQ95xlZeHo8_seg002,3.0,-36.37,43.38,0.03189999982714653,29.16,1631.1199951171875,78.68,21.32,232.01,0.0206,0.0861
jQ95xlZeHo8_seg003,3.0,-32.44,27.83,0.041200000792741776,17.31,1437.969970703125,89.98,10.02,227.36,0.0208,0.0891
jQ95xlZeHo8_seg004,3.0,-32.37,29.28,0.04470000043511391,19.84,1520.0999755859375,88.02,11.98,238.23,0.0196,0.0885
jQ95xlZeHo8_seg005,2.0,-32.9,33.12,0.0421999990940094,22.16,1535.06005859375,82.85,17.15,236.95,0.02,0.0807
jQ95xlZeHo8_seg006,2.0,-34.98,34.82,0.03099999949336052,22.59,1486.6099853515625,86.94,13.06,223.38,0.0206,0.09
jQ95xlZeHo8_seg007,3.0,-34.31,36.04,0.03620000183582306,22.15,1567.93994140625,86.18,13.82,249.87,0.0182,0.0815
jQ95xlZeHo8_seg008,2.0,-35.11,37.58,0.03359999880194664,22.81,1618.969970703125,87.13,12.87,245.69,0.0187,0.0814
jQ95xlZeHo8_seg009,3.0,-35.53,36.96,0.030700000002980232,23.79,1551.72998046875,85.94,14.06,227.41,0.02,0.0873
Ks-_Mh1QhMc_seg000,3.0,-26.58,14.01,0.061000000685453415,3.06,1801.719970703125,88.27,11.73,246.26,0.019,0.0989
Ks-_Mh1QhMc_seg003,1.0,-25.22,8.6,0.06520000100135803,1.48,1764.3299560546875,98.37,1.63,249.21,0.0204,0.1017
Ks-_Mh1QhMc_seg004,3.0,-26.22,16.83,0.06350000202655792,4.32,1760.489990234375,93.98,6.02,249.89,0.0197,0.103
Ks-_Mh1QhMc_seg005,2.0,-23.91,11.73,0.08169999718666077,3.67,1766.3399658203125,94.04,5.96,261.7,0.0192,0.1007
Ks-_Mh1QhMc_seg006,2.0,-27.32,17.53,0.06040000170469284,9.02,1735.6800537109375,92.49,7.51,242.67,0.0194,0.1052
Ks-_Mh1QhMc_seg009,3.0,-26.78,18.21,0.06419999897480011,7.97,1714.5999755859375,91.95,8.05,256.62,0.0185,0.1002
Ks-_Mh1QhMc_seg010,2.0,-28.2,17.78,0.05290000140666962,6.91,1769.1300048828125,92.36,7.64,245.7,0.0197,0.1004
Ks-_Mh1QhMc_seg011,2.0,-28.37,19.12,0.04969999939203262,6.64,1826.6400146484375,92.74,7.26,254.14,0.0215,0.1033
Ks-_Mh1QhMc_seg013,1.0,-29.55,24.28,0.04960000142455101,11.94,1735.06005859375,89.74,10.26,252.62,0.0182,0.102
Ks-_Mh1QhMc_seg014,2.0,-29.5,22.44,0.04839999973773956,12.33,1757.449951171875,87.49,12.51,251.68,0.0183,0.1016
Ks-_Mh1QhMc_seg015,1.0,-29.61,23.85,0.04859999939799309,9.21,1758.1800537109375,91.08,8.92,249.0,0.0204,0.1025
Ks-_Mh1QhMc_seg016,3.0,-26.97,15.51,0.05620000138878822,4.6,1748.97998046875,95.05,4.95,253.49,0.018,0.1063
Ks-_Mh1QhMc_seg017,2.0,-27.52,16.29,0.05380000174045563,4.68,1774.25,93.37,6.63,256.68,0.0206,0.1042
Ks-_Mh1QhMc_seg021,2.0,-28.73,20.44,0.05209999904036522,9.84,1809.4100341796875,89.69,10.31,262.42,0.0189,0.095
Ks-_Mh1QhMc_seg022,2.0,-27.8,17.96,0.05510000139474869,7.1,1795.97998046875,92.92,7.08,264.17,0.0199,0.1024
Ks-_Mh1QhMc_seg023,2.0,-27.16,16.3,0.0575999990105629,5.4,1718.5799560546875,95.09,4.91,249.08,0.0207,0.1039
Ks-_Mh1QhMc_seg024,2.0,-26.01,11.8,0.06239999830722809,4.05,1763.3699951171875,95.52,4.48,259.3,0.0203,0.1064
Ks-_Mh1QhMc_seg026,2.0,-27.48,16.23,0.05480000004172325,6.42,1803.239990234375,95.9,4.1,261.45,0.0205,0.1078
Ks-_Mh1QhMc_seg027,3.0,-27.95,19.16,0.053599998354911804,8.05,1812.2099609375,94.34,5.66,265.75,0.0214,0.102
Ks-_Mh1QhMc_seg028,2.0,-29.11,22.44,0.0502999983727932,9.63,1769.7099609375,91.17,8.83,234.05,0.0192,0.1004
Ks-_Mh1QhMc_seg029,3.0,-28.23,19.0,0.05050000175833702,6.69,1802.1800537109375,91.77,8.23,240.27,0.0228,0.0994
Ks-_Mh1QhMc_seg030,3.0,-28.53,19.08,0.048700001090765,5.63,1771.47998046875,95.55,4.45,233.83,0.0214,0.1146
Ks-_Mh1QhMc_seg031,3.0,-26.84,14.43,0.0575999990105629,4.31,1807.6500244140625,95.46,4.54,264.62,0.021,0.1077
Ks-_Mh1QhMc_seg032,0.0,-34.19,37.94,0.039900001138448715,26.36,1842.1099853515625,76.25,23.75,240.4,0.0215,0.1108
Ks-_Mh1QhMc_seg033,0.0,-23.09,6.5,0.07980000227689743,1.22,1944.3699951171875,98.23,1.77,314.12,0.0181,0.1097
Ks-_Mh1QhMc_seg035,3.0,-26.64,15.53,0.06239999830722809,6.24,1805.300048828125,91.98,8.02,272.47,0.0171,0.0974
ldq6wKtQzU8_seg001,3.0,-28.75,24.62,0.08020000159740448,19.22,1412.0899658203125,86.33,13.67,224.88,0.0248,0.0895
ldq6wKtQzU8_seg002,2.0,-30.05,26.85,0.07609999924898148,23.34,1420.1400146484375,81.84,18.16,215.96,0.0216,0.0786
ldq6wKtQzU8_seg003,3.0,-29.14,24.13,0.08009999990463257,22.06,1424.5999755859375,84.21,15.79,222.67,0.0229,0.0828
ldq6wKtQzU8_seg004,4.0,-27.7,22.61,0.08190000057220459,18.24,1542.969970703125,89.27,10.73,213.28,0.0235,0.088
ldq6wKtQzU8_seg005,3.0,-26.6,19.49,0.08640000224113464,17.14,1391.9300537109375,89.25,10.75,211.83,0.0232,0.0842
ldq6wKtQzU8_seg006,3.0,-26.3,16.09,0.08290000259876251,13.78,1379.0400390625,92.15,7.85,214.62,0.0267,0.0899
ldq6wKtQzU8_seg007,3.0,-27.73,22.26,0.08179999887943268,17.32,1524.0699462890625,89.93,10.07,217.41,0.0251,0.0848
ldq6wKtQzU8_seg008,2.0,-27.31,20.97,0.08749999850988388,17.65,1441.260009765625,88.74,11.26,227.93,0.0235,0.0849
ldq6wKtQzU8_seg009,2.0,-27.39,22.44,0.0860000029206276,17.43,1437.1700439453125,89.38,10.62,224.67,0.0245,0.0832
ldq6wKtQzU8_seg010,2.0,-27.21,19.34,0.08229999989271164,16.87,1508.81005859375,89.34,10.66,216.69,0.0211,0.0791
ldq6wKtQzU8_seg012,2.0,-27.65,22.81,0.08460000157356262,17.82,1468.719970703125,88.33,11.67,207.81,0.0269,0.0863
nn5k4snG3rA_seg000,3.0,-29.93,26.86,0.04839999973773956,9.46,1298.550048828125,88.61,11.39,146.63,0.0239,0.1062
nn5k4snG3rA_seg001,4.0,-29.91,28.25,0.05009999871253967,13.71,1249.1500244140625,85.29,14.71,150.05,0.0228,0.1044
nn5k4snG3rA_seg002,3.0,-32.39,31.66,0.0421999990940094,22.16,1254.199951171875,84.92,15.08,134.14,0.022,0.1091
nn5k4snG3rA_seg003,4.0,-28.28,20.74,0.053300000727176666,6.97,1309.5899658203125,89.68,10.32,140.91,0.022,0.1094
nn5k4snG3rA_seg004,3.0,-32.58,33.77,0.041999999433755875,21.65,1270.3399658203125,84.76,15.24,135.44,0.0229,0.1131
nn5k4snG3rA_seg005,4.0,-27.63,22.15,0.062300000339746475,7.85,1160.4200439453125,87.16,12.84,158.27,0.0229,0.1083
nn5k4snG3rA_seg006,3.0,-30.48,24.58,0.041600000113248825,12.4,1251.3800048828125,90.51,9.49,137.75,0.025,0.1125
nn5k4snG3rA_seg007,3.0,-28.79,21.17,0.052000001072883606,11.89,1194.050048828125,93.14,6.86,136.97,0.0218,0.1095
nn5k4snG3rA_seg008,4.0,-30.95,27.97,0.041999999433755875,13.5,1196.3599853515625,89.57,10.43,139.82,0.0236,0.1104
nn5k4snG3rA_seg009,3.0,-32.9,31.39,0.03790000081062317,21.57,1248.9100341796875,82.8,17.2,140.71,0.0242,0.112
nn5k4snG3rA_seg010,3.0,-28.95,21.57,0.0494999997317791,9.95,1261.4300537109375,92.25,7.75,150.61,0.025,0.1152
nn5k4snG3rA_seg011,4.0,-33.13,31.01,0.03709999844431877,20.04,1151.260009765625,87.45,12.55,139.23,0.0238,0.1108
nn5k4snG3rA_seg012,4.0,-32.31,31.07,0.03920000046491623,18.09,1191.050048828125,87.34,12.66,134.7,0.0254,0.1131
nn5k4snG3rA_seg013,4.0,-31.57,30.09,0.039500001817941666,16.72,1218.6800537109375,88.58,11.42,136.47,0.0236,0.1106
nn5k4snG3rA_seg014,3.0,-30.11,26.09,0.04899999871850014,14.34,1151.1600341796875,89.17,10.83,145.5,0.0233,0.1111
nn5k4snG3rA_seg015,4.0,-30.26,25.32,0.04670000076293945,12.77,1152.8399658203125,89.06,10.94,147.79,0.0208,0.1072
nn5k4snG3rA_seg016,4.0,-33.22,33.54,0.03579999879002571,19.98,1139.4000244140625,85.43,14.57,149.03,0.0272,0.1157
nn5k4snG3rA_seg017,3.0,-32.77,30.15,0.03530000150203705,18.98,1227.97998046875,87.26,12.74,136.69,0.0242,0.1143
nn5k4snG3rA_seg018,3.0,-32.08,30.65,0.03929999843239784,17.93,1201.1199951171875,89.12,10.88,133.22,0.0218,0.1089
nn5k4snG3rA_seg019,3.0,-34.18,35.33,0.03280000016093254,22.49,1105.8800048828125,86.17,13.83,132.33,0.025,0.1166
nn5k4snG3rA_seg020,3.0,-31.15,26.89,0.041600000113248825,15.65,1197.3399658203125,89.07,10.93,133.13,0.025,0.1165
nn5k4snG3rA_seg021,3.0,-35.38,42.95,0.03629999980330467,31.06,1147.0,76.52,23.48,153.88,0.0233,0.1067
nn5k4snG3rA_seg022,3.0,-34.82,39.69,0.038100000470876694,30.07,1069.8299560546875,77.0,23.0,160.34,0.0246,0.1083
nn5k4snG3rA_seg023,4.0,-34.13,36.5,0.03500000014901161,25.34,1132.2900390625,82.95,17.05,141.13,0.0229,0.1175
nn5k4snG3rA_seg024,3.0,-31.97,29.58,0.039500001817941666,18.86,1132.4000244140625,87.45,12.55,145.89,0.0243,0.1149
nn5k4snG3rA_seg025,3.0,-36.69,47.19,0.03519999980926514,35.42,1117.9200439453125,71.83,28.17,150.22,0.025,0.1096
nn5k4snG3rA_seg026,3.0,-31.18,32.25,0.042500000447034836,14.92,1236.72998046875,89.13,10.87,141.56,0.0247,0.1131
nn5k4snG3rA_seg028,4.0,-32.23,32.51,0.037300001829862595,15.71,1280.4300537109375,89.38,10.62,142.15,0.0273,0.1192
nn5k4snG3rA_seg029,3.0,-33.58,34.38,0.034299999475479126,20.82,1179.3800048828125,86.51,13.49,132.91,0.0218,0.1159
nn5k4snG3rA_seg030,3.0,-33.8,35.2,0.03480000048875809,22.48,1134.719970703125,85.47,14.53,136.48,0.0225,0.1083
nn5k4snG3rA_seg031,3.0,-34.24,35.76,0.03669999912381172,26.66,1072.6500244140625,78.59,21.41,131.78,0.0208,0.1103
P_6vDLq64gE_seg000,3.0,-30.25,32.03,0.04010000079870224,0.0,1287.5899658203125,78.0,22.0,207.36,0.0284,0.1141
P_6vDLq64gE_seg001,2.0,-28.8,22.7,0.04259999841451645,0.0,1389.8199462890625,84.11,15.89,252.47,0.0347,0.1291
P_6vDLq64gE_seg002,3.0,-28.93,23.36,0.042399998754262924,0.0,1316.969970703125,86.05,13.95,214.32,0.0268,0.1139
P_6vDLq64gE_seg003,4.0,-28.36,21.12,0.04490000009536743,0.0,1340.800048828125,87.22,12.78,211.82,0.029,0.1136
P_6vDLq64gE_seg004,3.0,-28.48,11.95,0.042100001126527786,0.0,1242.469970703125,84.61,15.39,232.33,0.0336,0.1182
P_6vDLq64gE_seg006,3.0,-29.18,21.07,0.03869999945163727,0.0,1222.4100341796875,81.46,18.54,254.81,0.0398,0.1296
P_6vDLq64gE_seg007,4.0,-29.19,22.77,0.03929999843239784,0.0,1234.9000244140625,77.56,22.44,211.27,0.0286,0.1155
P_6vDLq64gE_seg009,3.0,-29.34,18.06,0.03840000182390213,0.0,1228.4200439453125,83.8,16.2,221.47,0.0353,0.1281
P_6vDLq64gE_seg012,4.0,-27.77,15.65,0.04569999873638153,0.0,1302.1400146484375,82.53,17.47,213.72,0.0359,0.1312
P_6vDLq64gE_seg014,3.0,-28.54,14.42,0.04170000180602074,0.0,1249.4200439453125,85.99,14.01,241.61,0.0352,0.1098
P_6vDLq64gE_seg015,3.0,-27.04,9.71,0.05310000106692314,0.0,1460.6400146484375,88.23,11.77,255.16,0.0286,0.1088
P_6vDLq64gE_seg018,3.0,-28.67,0.0,0.03849999979138374,0.0,1059.0699462890625,83.21,16.79,268.28,0.0471,0.1539
P_6vDLq64gE_seg019,3.0,-27.95,2.24,0.04309999942779541,0.0,1140.1400146484375,86.65,13.35,211.78,0.031,0.1294
P_6vDLq64gE_seg020,3.0,-26.78,0.32,0.048900000751018524,0.0,1228.31005859375,94.0,6.0,236.25,0.036,0.1252
P_6vDLq64gE_seg022,2.0,-27.83,0.67,0.043800000101327896,0.0,1228.25,87.1,12.9,249.45,0.039,0.1344
P_6vDLq64gE_seg024,4.0,-27.51,0.32,0.04569999873638153,0.0,1250.56005859375,86.32,13.68,257.5,0.0385,0.1206
P_6vDLq64gE_seg025,3.0,-26.37,1.62,0.052000001072883606,0.0,1236.8599853515625,87.66,12.34,222.05,0.03,0.1265
P_6vDLq64gE_seg029,3.0,-26.87,0.0,0.047200001776218414,0.0,1055.8900146484375,84.88,15.12,254.31,0.0402,0.1371
P_6vDLq64gE_seg030,4.0,-27.38,0.0,0.04490000009536743,0.0,1035.239990234375,79.6,20.4,266.2,0.0425,0.144
P_6vDLq64gE_seg031,4.0,-28.51,3.97,0.03999999910593033,0.0,1144.969970703125,84.0,16.0,229.39,0.0381,0.1291
Q80MfH7xPPE_seg000,3.0,-21.67,10.9,0.11469999700784683,0.52,1164.6500244140625,89.12,10.88,162.47,0.0312,0.1428
Q80MfH7xPPE_seg001,3.0,-23.32,10.44,0.08869999647140503,0.59,1263.010009765625,92.02,7.98,165.77,0.033,0.1333
Q80MfH7xPPE_seg002,3.0,-22.77,11.07,0.09309999644756317,0.19,1268.219970703125,92.28,7.72,155.48,0.0279,0.1269
Q80MfH7xPPE_seg003,3.0,-25.04,16.13,0.0778999999165535,1.01,1244.52001953125,89.73,10.27,159.99,0.0305,0.1233
Q80MfH7xPPE_seg004,2.0,-23.63,11.07,0.0851999968290329,0.08,1322.18994140625,91.87,8.13,144.4,0.0316,0.1277
Q80MfH7xPPE_seg005,3.0,-27.18,25.88,0.06880000233650208,3.0,1257.739990234375,83.03,16.97,158.61,0.0318,0.1341
Q80MfH7xPPE_seg006,2.0,-23.05,11.44,0.0917000025510788,0.27,1165.300048828125,92.54,7.46,158.28,0.0292,0.1201
Q80MfH7xPPE_seg007,3.0,-25.18,16.89,0.07829999923706055,1.16,1296.530029296875,89.34,10.66,176.34,0.0347,0.1288
Q80MfH7xPPE_seg008,3.0,-24.65,17.3,0.08269999921321869,0.44,1277.3499755859375,90.82,9.18,185.89,0.033,0.1331
Q80MfH7xPPE_seg009,2.0,-24.9,18.94,0.08209999650716782,0.93,1245.8399658203125,88.2,11.8,165.32,0.0332,0.1278
Q80MfH7xPPE_seg010,2.0,-25.97,20.78,0.07639999687671661,0.45,1263.27001953125,84.34,15.66,155.33,0.0319,0.1408
Q80MfH7xPPE_seg011,2.0,-24.56,17.82,0.0820000022649765,1.61,1274.6099853515625,90.67,9.33,151.23,0.0304,0.1341
Q80MfH7xPPE_seg012,3.0,-24.19,14.52,0.0835999995470047,0.08,1317.0799560546875,93.35,6.65,175.31,0.0372,0.1407
Q80MfH7xPPE_seg013,3.0,-22.98,14.24,0.09740000218153,0.18,1285.239990234375,90.03,9.97,190.67,0.035,0.1378
Q80MfH7xPPE_seg014,2.0,-22.59,12.96,0.09669999778270721,0.0,1252.02001953125,91.0,9.0,160.27,0.0289,0.1416
Q80MfH7xPPE_seg015,3.0,-23.01,14.51,0.09790000319480896,0.14,1308.1400146484375,89.14,10.86,173.05,0.0308,0.1288
Q80MfH7xPPE_seg016,2.0,-22.7,13.68,0.10119999945163727,0.19,1307.6800537109375,90.42,9.58,169.11,0.0311,0.1295
Q80MfH7xPPE_seg017,2.0,-24.2,17.26,0.08910000324249268,0.04,1307.449951171875,88.43,11.57,173.6,0.0303,0.1222
Q80MfH7xPPE_seg018,2.0,-22.36,12.06,0.1031000018119812,0.0,1302.97998046875,91.33,8.67,175.45,0.0369,0.1366
Q80MfH7xPPE_seg019,3.0,-21.53,11.82,0.11349999904632568,0.0,1370.9200439453125,92.71,7.29,193.66,0.0345,0.1336
Q80MfH7xPPE_seg020,2.0,-24.23,19.67,0.0917000025510788,0.0,1211.1400146484375,85.63,14.37,161.28,0.0319,0.1349
rFpDK2KhAgw_seg000,2.0,-31.18,40.79,0.06350000202655792,32.1,1589.3800048828125,66.55,33.45,229.28,0.016,0.089
rFpDK2KhAgw_seg001,3.0,-28.89,33.65,0.07129999995231628,18.83,1592.2900390625,71.26,28.74,250.65,0.0207,0.0895
rFpDK2KhAgw_seg002,2.0,-27.7,27.1,0.07209999859333038,14.25,1533.0,78.26,21.74,213.07,0.021,0.1017
rFpDK2KhAgw_seg003,3.0,-29.63,36.71,0.06859999895095825,21.29,1562.0799560546875,73.38,26.62,229.86,0.0229,0.097
rFpDK2KhAgw_seg004,2.0,-30.13,38.41,0.0722000002861023,25.16,1571.6500244140625,66.27,33.73,232.82,0.0184,0.0907
rFpDK2KhAgw_seg005,2.0,-28.53,30.29,0.07590000331401825,21.86,1571.4300537109375,72.09,27.91,222.11,0.0225,0.1034
rFpDK2KhAgw_seg006,3.0,-28.77,35.73,0.07880000025033951,24.22,1533.449951171875,71.43,28.57,231.81,0.0221,0.0963
rFpDK2KhAgw_seg007,3.0,-26.65,25.62,0.08479999750852585,18.52,1533.31005859375,77.37,22.63,218.52,0.0229,0.1037
rFpDK2KhAgw_seg008,3.0,-27.47,27.96,0.08179999887943268,19.31,1496.1800537109375,75.09,24.91,222.65,0.0242,0.1027
rFpDK2KhAgw_seg009,2.0,-30.31,37.7,0.07050000131130219,30.46,1549.050048828125,65.25,34.75,224.0,0.0259,0.1181
rFpDK2KhAgw_seg010,3.0,-30.13,35.62,0.06639999896287918,26.06,1526.8299560546875,67.86,32.14,221.95,0.0256,0.1081
rFpDK2KhAgw_seg011,3.0,-28.53,32.89,0.07559999823570251,19.0,1524.22998046875,73.12,26.88,223.39,0.0223,0.1024
rFpDK2KhAgw_seg012,3.0,-26.31,25.48,0.0877000018954277,16.21,1501.72998046875,78.56,21.44,217.77,0.0249,0.0993
rFpDK2KhAgw_seg013,3.0,-27.34,28.2,0.08169999718666077,19.07,1477.9200439453125,75.98,24.02,217.9,0.0244,0.1109
rFpDK2KhAgw_seg014,2.0,-28.61,30.82,0.07509999722242355,21.88,1516.5799560546875,72.75,27.25,211.61,0.0212,0.098
rFpDK2KhAgw_seg015,3.0,-27.91,31.53,0.08079999685287476,20.8,1529.7099609375,73.49,26.51,214.87,0.0234,0.1028
rFpDK2KhAgw_seg016,3.0,-26.65,24.76,0.08179999887943268,17.31,1493.6600341796875,77.95,22.05,205.41,0.0242,0.1045
rFpDK2KhAgw_seg017,3.0,-27.02,26.38,0.08470000326633453,18.19,1504.510009765625,76.54,23.46,224.32,0.0258,0.1048
rFpDK2KhAgw_seg018,4.0,-30.2,37.19,0.07039999961853027,31.01,1544.989990234375,65.13,34.87,210.43,0.026,0.1075
rFpDK2KhAgw_seg019,4.0,-29.66,33.22,0.07029999792575836,25.87,1576.72998046875,68.91,31.09,203.35,0.0239,0.1072
TS6lFDVR-3g_seg000,4.0,-32.54,39.14,0.06729999929666519,30.5,1532.8299560546875,85.49,14.51,241.44,0.0215,0.0931
TS6lFDVR-3g_seg001,4.0,-32.16,35.83,0.06750000268220901,24.92,1519.949951171875,83.64,16.36,263.37,0.0191,0.0841
TS6lFDVR-3g_seg002,4.0,-31.6,34.98,0.06830000132322311,24.14,1507.25,84.33,15.67,217.54,0.0216,0.0926
TS6lFDVR-3g_seg003,4.0,-33.44,37.38,0.062300000339746475,30.64,1473.449951171875,78.74,21.26,210.33,0.0197,0.0877
TS6lFDVR-3g_seg004,3.0,-31.65,33.75,0.0714000016450882,25.59,1457.3599853515625,84.59,15.41,232.12,0.0207,0.092
TS6lFDVR-3g_seg005,4.0,-30.49,29.48,0.07320000231266022,22.16,1488.0799560546875,85.3,14.7,231.11,0.0214,0.0886
TS6lFDVR-3g_seg006,4.0,-32.51,35.41,0.0617000013589859,26.61,1504.0699462890625,83.66,16.34,244.01,0.0193,0.0853
TS6lFDVR-3g_seg007,3.0,-32.25,34.54,0.0640999972820282,25.19,1632.969970703125,86.66,13.34,234.21,0.0182,0.0852
TS6lFDVR-3g_seg008,3.0,-29.25,28.48,0.06920000165700912,21.06,1482.0799560546875,90.94,9.06,229.12,0.0216,0.0927
TS6lFDVR-3g_seg009,3.0,-31.66,34.54,0.06939999759197235,23.32,1512.030029296875,84.58,15.42,226.15,0.0223,0.0917
TS6lFDVR-3g_seg010,4.0,-33.5,38.68,0.06480000168085098,26.09,1583.9000244140625,80.64,19.36,232.5,0.0245,0.0956
TS6lFDVR-3g_seg011,3.0,-35.81,41.87,0.061400000005960464,33.88,1507.9300537109375,75.45,24.55,233.44,0.0198,0.0854
TS6lFDVR-3g_seg012,3.0,-31.71,37.62,0.0722000002861023,26.73,1502.530029296875,82.28,17.72,262.04,0.0217,0.0889
TS6lFDVR-3g_seg013,3.0,-30.36,30.41,0.0722000002861023,22.24,1511.0699462890625,87.3,12.7,237.59,0.0211,0.084
TS6lFDVR-3g_seg014,4.0,-33.3,37.85,0.06639999896287918,28.75,1477.1300048828125,82.86,17.14,248.03,0.0233,0.0946
TS6lFDVR-3g_seg015,3.0,-29.26,34.64,0.0746999979019165,18.86,1459.7900390625,90.86,9.14,248.65,0.0212,0.0867
TS6lFDVR-3g_seg016,3.0,-31.87,32.34,0.06880000233650208,26.43,1508.0699462890625,78.95,21.05,232.02,0.0204,0.0873
TS6lFDVR-3g_seg017,4.0,-38.16,47.8,0.05090000107884407,39.41,1458.2900390625,71.14,28.86,228.11,0.0232,0.0925
tt2xKhTHZQs_seg000,3.0,-27.49,26.38,0.07680000364780426,16.48,1582.5,85.5,14.5,208.37,0.0194,0.0922
tt2xKhTHZQs_seg001,3.0,-27.4,23.36,0.0746999979019165,17.11,1560.6700439453125,84.1,15.9,220.0,0.0223,0.0977
tt2xKhTHZQs_seg002,3.0,-27.87,24.03,0.07249999791383743,18.37,1569.8199462890625,84.1,15.9,220.44,0.0187,0.0926
tt2xKhTHZQs_seg003,2.0,-27.11,23.36,0.07840000092983246,16.24,1657.969970703125,86.04,13.96,214.15,0.0209,0.0886
tt2xKhTHZQs_seg005,3.0,-27.13,21.45,0.07460000365972519,16.57,1623.47998046875,85.97,14.03,218.57,0.0186,0.0922
tt2xKhTHZQs_seg006,3.0,-29.77,27.65,0.061500001698732376,19.53,1620.6800537109375,85.52,14.48,207.93,0.022,0.0987
tt2xKhTHZQs_seg007,4.0,-29.84,29.68,0.06650000065565109,23.94,1583.3399658203125,81.09,18.91,219.35,0.0218,0.0891
UWKvpFZJwcE_seg000,3.0,-36.85,44.79,0.03700000047683716,34.98,1633.989990234375,79.8,20.2,144.38,0.0232,0.1102
UWKvpFZJwcE_seg001,3.0,-34.99,43.09,0.037700001150369644,26.75,1565.3499755859375,84.97,15.03,143.17,0.0265,0.1114
UWKvpFZJwcE_seg002,2.0,-32.58,31.86,0.04309999942779541,23.66,1547.68994140625,86.93,13.07,145.84,0.023,0.1142
UWKvpFZJwcE_seg003,3.0,-35.17,40.31,0.03579999879002571,28.4,1626.4200439453125,83.15,16.85,140.53,0.0229,0.1099
UWKvpFZJwcE_seg004,3.0,-46.04,68.45,0.02070000022649765,58.57,1606.8800048828125,53.41,46.59,132.46,0.0226,0.1127
UWKvpFZJwcE_seg005,3.0,-38.76,57.78,0.027400000020861626,34.5,1545.47998046875,74.45,25.55,137.01,0.024,0.1111
UWKvpFZJwcE_seg006,3.0,-33.84,37.93,0.04019999876618385,24.38,1638.0,83.6,16.4,147.03,0.0273,0.1131
UWKvpFZJwcE_seg007,2.0,-32.96,31.13,0.039900001138448715,21.85,1569.75,88.2,11.8,138.41,0.0229,0.1128
UWKvpFZJwcE_seg008,3.0,-33.32,35.1,0.044599998742341995,27.36,1572.9599609375,82.79,17.21,139.91,0.0223,0.1144
UWKvpFZJwcE_seg009,2.0,-35.53,41.78,0.03849999979138374,28.67,1635.1400146484375,79.55,20.45,145.23,0.0241,0.1135
UWKvpFZJwcE_seg010,4.0,-34.15,44.17,0.04089999943971634,19.68,1629.7099609375,85.74,14.26,170.52,0.0204,0.1037
UWKvpFZJwcE_seg011,3.0,-30.31,29.21,0.04820000007748604,14.3,1528.7099609375,90.18,9.82,150.52,0.0223,0.1108
UWKvpFZJwcE_seg012,2.0,-33.88,35.71,0.03889999911189079,25.31,1535.6800537109375,88.18,11.82,151.56,0.0245,0.1038
UWKvpFZJwcE_seg013,3.0,-33.54,35.35,0.039799999445676804,24.39,1582.27001953125,85.93,14.07,142.49,0.0236,0.1167
UWKvpFZJwcE_seg014,2.0,-33.89,37.78,0.0421999990940094,25.66,1589.469970703125,84.35,15.65,136.41,0.0246,0.1137
vNpmq6Ok-QQ_seg000,2.0,-45.4,60.91,0.019099999219179153,49.7,1500.9200439453125,69.64,30.36,241.17,0.0165,0.0895
vNpmq6Ok-QQ_seg001,3.0,-46.55,61.25,0.01889999955892563,54.62,1545.969970703125,62.41,37.59,263.66,0.0198,0.093
vNpmq6Ok-QQ_seg002,3.0,-44.17,58.36,0.021700000390410423,50.69,1480.719970703125,76.62,23.38,266.92,0.0175,0.0905
vNpmq6Ok-QQ_seg003,2.0,-36.86,37.74,0.02710000053048134,28.52,1549.8499755859375,88.08,11.92,252.68,0.02,0.0974
vNpmq6Ok-QQ_seg004,3.0,-42.6,54.78,0.02239999920129776,45.48,1562.4200439453125,74.83,25.17,282.82,0.0211,0.0956
vNpmq6Ok-QQ_seg005,4.0,-35.38,35.88,0.03530000150203705,27.78,1541.9599609375,87.2,12.8,274.82,0.0193,0.0995
vNpmq6Ok-QQ_seg006,3.0,-36.25,37.38,0.03359999880194664,31.75,1576.7099609375,84.56,15.44,273.91,0.02,0.0991
vNpmq6Ok-QQ_seg007,4.0,-38.42,44.2,0.029400000348687172,37.03,1591.72998046875,83.51,16.49,280.3,0.0206,0.0992
vNpmq6Ok-QQ_seg008,3.0,-37.28,37.46,0.029200000688433647,31.5,1576.06005859375,85.02,14.98,245.31,0.0213,0.1078
vNpmq6Ok-QQ_seg009,3.0,-37.65,42.86,0.025299999862909317,33.67,1641.780029296875,89.79,10.21,273.01,0.0233,0.09
vNpmq6Ok-QQ_seg010,4.0,-31.78,22.44,0.03929999843239784,15.77,1813.7099609375,87.8,12.2,282.06,0.0197,0.0988
vNpmq6Ok-QQ_seg011,4.0,-38.18,45.63,0.030899999663233757,34.24,1641.8800048828125,82.02,17.98,295.46,0.0207,0.1088
vNpmq6Ok-QQ_seg013,3.0,-39.47,43.09,0.023900000378489494,32.72,1534.5,82.1,17.9,250.97,0.0222,0.1002
vNpmq6Ok-QQ_seg014,3.0,-37.83,43.31,0.027799999341368675,32.24,1629.739990234375,85.17,14.83,273.01,0.0215,0.0941
vNpmq6Ok-QQ_seg016,3.0,-34.6,36.31,0.032600000500679016,24.76,1685.5,91.67,8.33,269.23,0.0202,0.1035
vNpmq6Ok-QQ_seg017,4.0,-31.41,26.34,0.04340000078082085,18.19,1881.27001953125,93.91,6.09,281.48,0.0225,0.0975
vNpmq6Ok-QQ_seg018,4.0,-35.43,39.38,0.03020000085234642,27.23,1651.0999755859375,91.92,8.08,280.29,0.0225,0.1073
vNpmq6Ok-QQ_seg019,4.0,-36.19,36.07,0.025699999183416367,24.63,1628.4599609375,89.47,10.53,254.15,0.0192,0.0932
vNpmq6Ok-QQ_seg020,3.0,-34.77,37.38,0.0272000003606081,18.54,1772.8199462890625,93.8,6.2,240.78,0.0206,0.1015
vNpmq6Ok-QQ_seg021,3.0,-37.15,39.62,0.029500000178813934,31.42,1584.8599853515625,84.37,15.63,281.88,0.0214,0.0968
vNpmq6Ok-QQ_seg022,3.0,-41.7,52.62,0.02019999921321869,40.83,1542.0999755859375,79.07,20.93,251.58,0.0212,0.0964
WyprXhvGVYk_seg001,3.0,-30.54,28.53,0.06830000132322311,22.42,1514.0899658203125,81.77,18.23,190.71,0.0248,0.1229
WyprXhvGVYk_seg002,2.0,-32.46,33.88,0.06340000033378601,26.74,1571.06005859375,76.89,23.11,172.79,0.0264,0.1217
WyprXhvGVYk_seg003,3.0,-36.12,43.16,0.0575999990105629,36.98,1494.93994140625,67.31,32.69,183.17,0.0259,0.1219
WyprXhvGVYk_seg004,3.0,-32.86,36.0,0.06689999997615814,29.33,1603.3499755859375,75.65,24.35,189.82,0.0259,0.1135
WyprXhvGVYk_seg006,3.0,-32.99,34.87,0.06270000338554382,28.26,1561.1800537109375,76.41,23.59,193.21,0.0261,0.1167
WyprXhvGVYk_seg007,2.0,-32.75,32.89,0.06080000102519989,27.46,1549.780029296875,78.75,21.25,186.33,0.0241,0.1154
WyprXhvGVYk_seg008,1.0,-37.88,48.26,0.04989999905228615,39.93,1591.5,67.71,32.29,156.18,0.0249,0.1205
WyprXhvGVYk_seg010,2.0,-36.99,45.76,0.055799998342990875,38.89,1561.47998046875,65.3,34.7,176.45,0.025,0.1133
WyprXhvGVYk_seg013,3.0,-32.98,36.88,0.05829999968409538,27.27,1605.06005859375,80.76,19.24,181.91,0.0252,0.1196
WyprXhvGVYk_seg014,1.0,-33.68,35.48,0.05889999866485596,30.19,1554.43994140625,75.83,24.17,172.1,0.024,0.1179
WyprXhvGVYk_seg015,2.0,-35.54,41.67,0.05730000138282776,35.46,1581.5400390625,70.16,29.84,176.93,0.024,0.1152
WyprXhvGVYk_seg016,2.0,-35.88,42.52,0.05700000002980232,35.57,1592.77001953125,68.3,31.7,188.47,0.0312,0.1287
WyprXhvGVYk_seg018,2.0,-33.7,35.42,0.05700000002980232,27.44,1584.969970703125,73.94,26.06,159.25,0.0257,0.1229
WyprXhvGVYk_seg019,3.0,-35.95,41.32,0.056699998676776886,35.42,1538.300048828125,69.22,30.78,184.5,0.0214,0.1121
XZBZ5aBEUrs_seg000,4.0,-31.59,39.05,0.06129999831318855,25.93,1787.3199462890625,87.51,12.49,230.11,0.0171,0.0887
XZBZ5aBEUrs_seg001,4.0,-28.23,26.09,0.07349999994039536,16.35,1794.31005859375,89.83,10.17,227.61,0.0164,0.0879
XZBZ5aBEUrs_seg002,3.0,-28.13,25.08,0.07649999856948853,17.48,1837.4000244140625,92.19,7.81,225.96,0.016,0.0801
XZBZ5aBEUrs_seg003,4.0,-30.66,29.43,0.06719999760389328,23.81,1854.3399658203125,86.03,13.97,216.31,0.0164,0.0833
XZBZ5aBEUrs_seg004,3.0,-29.26,25.3,0.06920000165700912,20.4,1860.22998046875,88.62,11.38,222.38,0.017,0.0845
XZBZ5aBEUrs_seg005,4.0,-30.24,31.93,0.05939999967813492,18.37,1811.510009765625,81.72,18.28,221.36,0.0177,0.0899
XZBZ5aBEUrs_seg006,3.0,-28.47,25.63,0.07720000296831131,18.38,1815.52001953125,89.26,10.74,227.17,0.0171,0.092
XZBZ5aBEUrs_seg007,3.0,-30.09,27.53,0.07039999961853027,22.06,1831.5799560546875,87.62,12.38,219.46,0.0167,0.0868
XZBZ5aBEUrs_seg008,4.0,-30.77,30.49,0.06809999793767929,24.7,1858.1600341796875,87.98,12.02,213.31,0.0166,0.0898
XZBZ5aBEUrs_seg009,3.0,-29.27,24.85,0.0737999975681305,20.14,1869.6199951171875,89.91,10.09,217.96,0.0155,0.0816
XZBZ5aBEUrs_seg010,4.0,-29.69,30.08,0.07490000128746033,21.23,1775.0999755859375,88.03,11.97,219.89,0.0164,0.084
XZBZ5aBEUrs_seg011,4.0,-29.48,26.89,0.0658000037074089,19.73,1835.280029296875,84.43,15.57,231.95,0.0156,0.0774
XZBZ5aBEUrs_seg012,4.0,-27.53,25.08,0.07900000363588333,18.96,1866.8699951171875,91.33,8.67,230.92,0.0176,0.085
XZBZ5aBEUrs_seg013,3.0,-27.39,23.53,0.07819999754428864,17.31,1807.25,92.64,7.36,218.8,0.0171,0.0855
XZBZ5aBEUrs_seg014,4.0,-31.89,30.48,0.07159999758005142,27.63,1805.9599609375,82.33,17.67,220.75,0.0178,0.0844
XZBZ5aBEUrs_seg015,3.0,-31.65,31.52,0.07090000063180923,26.42,1814.6800537109375,84.09,15.91,221.85,0.0175,0.0832
XZBZ5aBEUrs_seg016,4.0,-29.93,31.11,0.07289999723434448,22.0,1885.949951171875,87.21,12.79,223.93,0.018,0.0824
XZBZ5aBEUrs_seg017,3.0,-30.65,29.72,0.07209999859333038,25.8,1823.739990234375,85.12,14.88,221.33,0.0158,0.0781
XZBZ5aBEUrs_seg018,4.0,-30.14,30.41,0.06729999929666519,22.27,1796.0400390625,86.83,13.17,222.3,0.0164,0.0844
XZBZ5aBEUrs_seg019,4.0,-27.83,23.14,0.06700000166893005,12.92,1916.5,90.38,9.62,233.98,0.0166,0.0858
XZBZ5aBEUrs_seg020,3.0,-27.32,24.61,0.08330000191926956,17.67,1838.8199462890625,88.25,11.75,225.9,0.0154,0.0864
XZBZ5aBEUrs_seg021,3.0,-27.37,24.44,0.0803999975323677,16.92,1871.739990234375,92.47,7.53,222.34,0.0176,0.086
XZBZ5aBEUrs_seg022,3.0,-31.08,31.66,0.0649000033736229,21.98,1799.4599609375,86.92,13.08,218.19,0.0153,0.0838
